id,grade,unit,sourceZip,sourceImage,sourcePage,sectionType,sectionTypes,clarity,sourceStatus,verificationStatus,contentOrigin,ocrCharacterCount,sha256
b1-001,2,,anh_tam(1)(1).zip,frame_0001.png,,Khác,Khác,needs_review,front_matter,needs_review,book_source,766,8cd63085db744732518fb4cbe464fb4611251df60c9d24029db9beb872eb1e19
b1-002,2,,anh_tam(1)(1).zip,frame_0002.png,,Khác,Khác,needs_review,front_matter,needs_review,book_source,818,23173a75d17e9c330905fd3584d7949785f659f11d9884f80edba03ba798ccab
b1-003,2,,anh_tam(1)(1).zip,frame_0003.png,,Khác,Khác,needs_review,front_matter,needs_review,book_source,1831,94a17b75a54b22bcef5ca8d05209c1ea41224ec0955b983cd82aa22f703bce4c
b1-004,2,,anh_tam(1)(1).zip,frame_0004.png,,Khác,Khác,needs_review,front_matter,needs_review,book_source,3183,4ad20d77ac515ff07ae737f4d5de186d4974e35d3fa8362cc314dd4b77b9fde7
b1-005,2,,anh_tam(1)(1).zip,frame_0005.png,,Khác,Khác,needs_review,front_matter,needs_review,book_source,2247,4a514805fc8a9cfc8703997196266074361e8b09d8df3a52cc0a3e33c3547d77
b1-006,2,,anh_tam(1)(1).zip,frame_0006.png,,Khác,Khác,needs_review,front_matter,needs_review,book_source,1748,c6947ce3e380e7150bb9b4b1cb792b3352c9da7ebbc8b8fc29b30ffd54169da8
b1-007,2,,anh_tam(1)(1).zip,frame_0007.png,,Khác,Khác,needs_review,front_matter,needs_review,book_source,2121,e888488eb77a7b4a0f7c8696257381de094e22551a779537d84b95a7cf42628c
b1-008,2,,anh_tam(1)(1).zip,frame_0008.png,,Khác,Khác,needs_review,front_matter,needs_review,book_source,1791,f53d73c01090e42af962e10acaa08183e7f4b4e5cf8dd141b03def2b6d25976b
b1-009,2,,anh_tam(1)(1).zip,frame_0009.png,,Khác,Khác,needs_review,front_matter,needs_review,book_source,2509,e74c07aa9b823903b3caef9e5b8e3e08ddcb096b8d5436cb9eae6853e15a7e56
b1-010,2,,anh_tam(1)(1).zip,frame_0010.png,,Khác,Khác,needs_review,front_matter,needs_review,book_source,2628,1da3e620e8a6a8d4e78276e3a5ca1a96d217f0de519a2e33e2fd7244eb9f00f4
b1-011,2,,anh_tam(1)(1).zip,frame_0011.png,,Khác,Khác,needs_review,front_matter,needs_review,book_source,1860,4ffb032e9f6e7c58fd1dcd17a6b88fd59a5c38e30c2ded44b9721d028d63ceb6
b1-012,2,,anh_tam(1)(1).zip,frame_0012.png,,Khác,Khác,needs_review,front_matter,needs_review,book_source,2074,c666f9ccd47896a4581973f76ce29fa457e5092ff4e484c3889b6b33f913fa10
b1-013,2,,anh_tam(1)(1).zip,frame_0013.png,,Khác,Khác,needs_review,front_matter,needs_review,book_source,1687,58310a6ef4368e68515fdd26e21b612c93dfa5427865a9429e7fea60ad2dea2a
b1-014,2,1,anh_tam(1)(1).zip,frame_0014.png,4–19 · ảnh 1/12; số trang cụ thể cần đối chiếu trên ảnh,Big Question,Big Question,clear,mapped,ocr_extracted_needs_review,book_source,1549,767c3ea758cfa8f9d65aa247f3adad1af1344a45f6bd511b0ee898a43d7ec41d
b1-015,2,1,anh_tam(1)(1).zip,frame_0015.png,4–19 · ảnh 2/12; số trang cụ thể cần đối chiếu trên ảnh,Vocabulary 1,Vocabulary 1,clear,mapped,ocr_extracted_needs_review,book_source,1745,1ced119f002ca45b4e8ee93f2f556337226419fa11486be881a11ea6a514d2d3
b1-016,2,1,anh_tam(1)(1).zip,frame_0016.png,4–19 · ảnh 3/12; số trang cụ thể cần đối chiếu trên ảnh,Vocabulary 1,Vocabulary 1 | Reading 1 | Reading Skill,clear,mapped,ocr_extracted_needs_review,book_source,1956,a6b7b9f0a5899d173af7a8a19443b39a730bca32333de15d5a2698a61f743d67
b1-017,2,1,anh_tam(1)(1).zip,frame_0017.png,4–19 · ảnh 4/12; số trang cụ thể cần đối chiếu trên ảnh,Reading 1,Reading 1 | Reading Skill,clear,mapped,ocr_extracted_needs_review,book_source,2375,c074da9910b61d15d6216f7377b05cf0e010eb36a39bc7c62e0e19ea32bb32bb
b1-018,2,1,anh_tam(1)(1).zip,frame_0018.png,4–19 · ảnh 5/12; số trang cụ thể cần đối chiếu trên ảnh,Grammar 1,Grammar 1 | Grammar Practice 1 | Listening | Speaking/Communication,clear,mapped,ocr_extracted_needs_review,book_source,2290,353aecb1146239f15e3e857626c8ab292fd2155cebc555254d8b979e15f99123
b1-019,2,1,anh_tam(1)(1).zip,frame_0019.png,4–19 · ảnh 6/12; số trang cụ thể cần đối chiếu trên ảnh,Listening,Listening | Vocabulary 2 | Speaking/Communication,clear,mapped,ocr_extracted_needs_review,book_source,2277,2fb607d6b2828c917f4209331b7e26cafacd0b360402c7d920e95c7d9288e4bc
b1-020,2,1,anh_tam(1)(1).zip,frame_0020.png,4–19 · ảnh 7/12; số trang cụ thể cần đối chiếu trên ảnh,Vocabulary 2,Vocabulary 2 | Reading 2,clear,mapped,ocr_extracted_needs_review,book_source,1853,69148e529f5a043fe9db0df0ef81508d85024f311ca95625d36d5c5d434c7bf3
b1-021,2,1,anh_tam(1)(1).zip,frame_0021.png,4–19 · ảnh 8/12; số trang cụ thể cần đối chiếu trên ảnh,Reading 2,Reading 2 | Reading Skill,clear,mapped,ocr_extracted_needs_review,book_source,1841,e5a1c054f99bfe7eb5eaae6857180f81a16dbe3b0db58d1be6cc11bc93dc0b5a
b1-022,2,1,anh_tam(1)(1).zip,frame_0022.png,4–19 · ảnh 9/12; số trang cụ thể cần đối chiếu trên ảnh,Reading 2,Reading 2 | Grammar 2 | Speaking/Communication | Reading Skill,clear,mapped,ocr_extracted_needs_review,book_source,2062,01a890ae1446bfa9957d052916ff5761c413dd59002b591d5ec3e4d87a23113d
b1-023,2,1,anh_tam(1)(1).zip,frame_0023.png,4–19 · ảnh 10/12; số trang cụ thể cần đối chiếu trên ảnh,Grammar 2,Grammar 2 | Grammar Practice 2 | Speaking/Communication,clear,mapped,ocr_extracted_needs_review,book_source,2159,d2557da73ad67651be875719f7bc7f1086f22a48c0cfb30aa5acd51a4c66f17d
b1-024,2,1,anh_tam(1)(1).zip,frame_0024.png,4–19 · ảnh 11/12; số trang cụ thể cần đối chiếu trên ảnh,Writing,Writing | Writing Skill | Review/Unit Check,clear,mapped,ocr_extracted_needs_review,book_source,2774,0c6b5a751db2c66ec3159df5abc4663b61d28038aa7aaa174fd809e7aa531e1f
b1-025,2,1,anh_tam(1)(1).zip,frame_0025.png,4–19 · ảnh 12/12; số trang cụ thể cần đối chiếu trên ảnh,Writing,Writing | Value | Project | Review/Unit Check,clear,mapped,ocr_extracted_needs_review,book_source,2594,d74ec2c83e0416f1ead9561d26fe0d98a4b622165737f430d9eb0929181d884e
b1-026,2,2,anh_tam(1)(1).zip,frame_0026.png,20–35 · ảnh 1/12; số trang cụ thể cần đối chiếu trên ảnh,Big Question,Big Question,clear,mapped,ocr_extracted_needs_review,book_source,1731,c2e604fa6b611264a15de95bc8a40c383c4f607ac0ba5a66a2477c4fff097c88
b1-027,2,2,anh_tam(1)(1).zip,frame_0027.png,20–35 · ảnh 2/12; số trang cụ thể cần đối chiếu trên ảnh,Vocabulary 1,Vocabulary 1,clear,mapped,ocr_extracted_needs_review,book_source,1735,9568002fef14971a0b15a9a47a95e7d772bd10438ba9f671a7863c128c51cc56
b1-028,2,2,anh_tam(1)(1).zip,frame_0028.png,20–35 · ảnh 3/12; số trang cụ thể cần đối chiếu trên ảnh,Vocabulary 1,Vocabulary 1 | Reading 1,clear,mapped,ocr_extracted_needs_review,book_source,1765,b8728822c4cc5bcbb122e1dc52ac53c50379250c4cb451a738f515d7e9db0975
b1-029,2,2,anh_tam(1)(1).zip,frame_0029.png,20–35 · ảnh 4/12; số trang cụ thể cần đối chiếu trên ảnh,Reading 1,Reading 1 | Reading Skill,clear,mapped,ocr_extracted_needs_review,book_source,2142,fb86de61fc2e14e1706c08e7c0f7c2aecedfe8880f33589e5aa025ce47942266
b1-030,2,2,anh_tam(1)(1).zip,frame_0030.png,20–35 · ảnh 5/12; số trang cụ thể cần đối chiếu trên ảnh,Grammar 1,Grammar 1 | Grammar Practice 1 | Listening | Speaking/Communication,clear,mapped,ocr_extracted_needs_review,book_source,2265,a19861f8fe964d356ddba9f881ac3c103f21a366fa74dd2045869a4f532879e1
b1-031,2,2,anh_tam(1)(1).zip,frame_0031.png,20–35 · ảnh 6/12; số trang cụ thể cần đối chiếu trên ảnh,Listening,Listening | Vocabulary 2 | Speaking/Communication,clear,mapped,ocr_extracted_needs_review,book_source,2003,15d0201e9be09b721e7be558e2d7eb3336adde56482010ab99dbe6e7824d8a1f
b1-032,2,2,anh_tam(1)(1).zip,frame_0032.png,20–35 · ảnh 7/12; số trang cụ thể cần đối chiếu trên ảnh,Vocabulary 2,Vocabulary 2 | Reading 2 | Listening,clear,mapped,ocr_extracted_needs_review,book_source,1628,084fefb1c9c5aab52f3ba94404d1b40c098dbac1de15dc69f0fc1a4056f9aaba
b1-033,2,2,anh_tam(1)(1).zip,frame_0033.png,20–35 · ảnh 8/12; số trang cụ thể cần đối chiếu trên ảnh,Reading 2,Reading 2 | Reading Skill,clear,mapped,ocr_extracted_needs_review,book_source,2711,28a3fc40eb69141fe49c50b155d5927638f3a134200f20ec381c0ca9cc4268d2
b1-034,2,2,anh_tam(1)(1).zip,frame_0034.png,20–35 · ảnh 9/12; số trang cụ thể cần đối chiếu trên ảnh,Reading 2,Reading 2 | Grammar 2,clear,mapped,ocr_extracted_needs_review,book_source,2433,d6248b11ff5da5b0a9cde073dd5820e0502335adde18108f867e70cae14f5df6
b1-035,2,2,anh_tam(1)(1).zip,frame_0035.png,20–35 · ảnh 10/12; số trang cụ thể cần đối chiếu trên ảnh,Grammar 2,Grammar 2 | Grammar Practice 2 | Speaking/Communication,clear,mapped,ocr_extracted_needs_review,book_source,1866,73c4cfd0d5bac8dbd957d8bedeca320610a045b07b686e780f14dcab8965343f
b1-036,2,2,anh_tam(1)(1).zip,frame_0036.png,20–35 · ảnh 11/12; số trang cụ thể cần đối chiếu trên ảnh,Writing,Writing | Writing Skill | Review/Unit Check,clear,mapped,ocr_extracted_needs_review,book_source,2263,5e010fd7bc800e298e738b33d903d4d2a0ec5b7a9b48d3f52c697744506720ba
b1-037,2,2,anh_tam(1)(1).zip,frame_0037.png,20–35 · ảnh 12/12; số trang cụ thể cần đối chiếu trên ảnh,Writing,Writing | Value | Project | Review/Unit Check,clear,mapped,ocr_extracted_needs_review,book_source,2122,4e178a3440f16c9a903bdffaac91e1c6284801424c787e2d823c3667680345e6
b1-038,2,3,anh_tam(1)(1).zip,frame_0038.png,36–51 · ảnh 1/12; số trang cụ thể cần đối chiếu trên ảnh,Big Question,Big Question,clear,mapped,ocr_extracted_needs_review,book_source,1674,727572238b550eac0df633b6b689e667a5053b6b7cd4767a8682740f3598383a
b1-039,2,3,anh_tam(1)(1).zip,frame_0039.png,36–51 · ảnh 2/12; số trang cụ thể cần đối chiếu trên ảnh,Vocabulary 1,Vocabulary 1,clear,mapped,ocr_extracted_needs_review,book_source,1518,668d4449c154390c95ed19a44343171301cf164f65073a4197bfae15a234e08c
b1-040,2,3,anh_tam(1)(1).zip,frame_0040.png,36–51 · ảnh 3/12; số trang cụ thể cần đối chiếu trên ảnh,Vocabulary 1,Vocabulary 1 | Reading 1,clear,mapped,ocr_extracted_needs_review,book_source,1619,3e2816cf369f0dce60968bcdf7363697452bcc6dd762969b02c198e4e7e1c274
b1-041,2,3,anh_tam(1)(1).zip,frame_0041.png,36–51 · ảnh 4/12; số trang cụ thể cần đối chiếu trên ảnh,Reading 1,Reading 1 | Reading Skill,clear,mapped,ocr_extracted_needs_review,book_source,2007,95f6aad94216b6ffe607a51c8ee3b956601a18758e7376f55ab1197c3f6ae498
b1-042,2,3,anh_tam(1)(1).zip,frame_0042.png,36–51 · ảnh 5/12; số trang cụ thể cần đối chiếu trên ảnh,Grammar 1,Grammar 1 | Grammar Practice 1 | Listening | Speaking/Communication,clear,mapped,ocr_extracted_needs_review,book_source,1861,b2906970d81827bede53c6f0f63093ca23aa2cee295c75da25c5c73c1f1329d8
b1-043,2,3,anh_tam(1)(1).zip,frame_0043.png,36–51 · ảnh 6/12; số trang cụ thể cần đối chiếu trên ảnh,Listening,Listening | Vocabulary 2 | Speaking/Communication,clear,mapped,ocr_extracted_needs_review,book_source,1513,ca3abbe61ade265bb305f69a7e31bd6ce111de3979517762ce018d52b32f7314
b1-044,2,3,anh_tam(1)(1).zip,frame_0044.png,36–51 · ảnh 7/12; số trang cụ thể cần đối chiếu trên ảnh,Vocabulary 2,Vocabulary 2 | Reading 2,clear,mapped,ocr_extracted_needs_review,book_source,1383,0e814b2b1980d2f1d805ce0375aa7c8b85ef414d6d47dccc29165c7e0ae6f726
b1-045,2,3,anh_tam(1)(1).zip,frame_0045.png,36–51 · ảnh 8/12; số trang cụ thể cần đối chiếu trên ảnh,Reading 2,Reading 2 | Reading Skill,clear,mapped,ocr_extracted_needs_review,book_source,2044,d75a392d42f87691a0b6c4ab37705a8b042f68b685c371fecbec79601e373a0a
b1-046,2,3,anh_tam(1)(1).zip,frame_0046.png,36–51 · ảnh 9/12; số trang cụ thể cần đối chiếu trên ảnh,Reading 2,Reading 2 | Grammar 2,clear,mapped,ocr_extracted_needs_review,book_source,2492,32b9cdbfe4bdfff5c3a94edb3f4c9732a8955a9ddc238ed66a52cc7580bf0fd8
b1-047,2,3,anh_tam(1)(1).zip,frame_0047.png,36–51 · ảnh 10/12; số trang cụ thể cần đối chiếu trên ảnh,Grammar 2,Grammar 2 | Grammar Practice 2 | Speaking/Communication,clear,mapped,ocr_extracted_needs_review,book_source,1696,a64a5495fb90fda4a1b8b3a0fde2ec36322c775068b89d4e12d561b0e60be4d2
b1-048,2,3,anh_tam(1)(1).zip,frame_0048.png,36–51 · ảnh 11/12; số trang cụ thể cần đối chiếu trên ảnh,Writing,Writing | Writing Skill | Speaking/Communication | Review/Unit Check,clear,mapped,ocr_extracted_needs_review,book_source,2198,29774cba73da2c5f1284e664d1d1e937eb69b5f9780afb19666f955cdcc5484f
b1-049,2,3,anh_tam(1)(1).zip,frame_0049.png,36–51 · ảnh 12/12; số trang cụ thể cần đối chiếu trên ảnh,Writing,Writing | Value | Project | Review/Unit Check | Writing Skill,clear,mapped,ocr_extracted_needs_review,book_source,2179,a27e6180d42c8d02071bae96fc2c59c2705ed292c0af91971ae590420f0adf6a
b1-050,2,4,anh_tam(1)(1).zip,frame_0050.png,52–67 · ảnh 1/12; số trang cụ thể cần đối chiếu trên ảnh,Big Question,Big Question,clear,mapped,ocr_extracted_needs_review,book_source,1503,354510f482d5845b6f3cafa9a59268f6a82fed5d7f04b3fd42ee9d3633d7f669
b1-051,2,4,anh_tam(1)(1).zip,frame_0051.png,52–67 · ảnh 2/12; số trang cụ thể cần đối chiếu trên ảnh,Vocabulary 1,Vocabulary 1,clear,mapped,ocr_extracted_needs_review,book_source,1701,a38916351bcb92fc597287466e87bdadef56f377e680951cafb3207d4d9800fd
b1-052,2,4,anh_tam(1)(1).zip,frame_0052.png,52–67 · ảnh 3/12; số trang cụ thể cần đối chiếu trên ảnh,Vocabulary 1,Vocabulary 1 | Reading 1,clear,mapped,ocr_extracted_needs_review,book_source,1610,892cdafb02a494434f32bb33157468134a880511453af21aacae736ec4cfc8a7
b1-053,2,4,anh_tam(1)(1).zip,frame_0053.png,52–67 · ảnh 4/12; số trang cụ thể cần đối chiếu trên ảnh,Reading 1,Reading 1 | Reading Skill,clear,mapped,ocr_extracted_needs_review,book_source,2139,83cb94b2cf69dd447d47595a795bfe79a547cb0736ed0220a5481cff96f20877
b1-054,2,4,anh_tam(1)(1).zip,frame_0054.png,52–67 · ảnh 5/12; số trang cụ thể cần đối chiếu trên ảnh,Grammar 1,Grammar 1 | Grammar Practice 1 | Listening | Speaking/Communication,clear,mapped,ocr_extracted_needs_review,book_source,2100,9315e03a332a206fd9b340903c40dcde256e5fcf073ff3fab0e114014a033d45
b1-055,2,4,anh_tam(1)(1).zip,frame_0055.png,52–67 · ảnh 6/12; số trang cụ thể cần đối chiếu trên ảnh,Listening,Listening | Vocabulary 2,clear,mapped,ocr_extracted_needs_review,book_source,1678,04853be4a04580ba925bf83c4317a422faa97f01c324946eed309d0987cd8eaf
b1-056,2,4,anh_tam(1)(1).zip,frame_0056.png,52–67 · ảnh 7/12; số trang cụ thể cần đối chiếu trên ảnh,Vocabulary 2,Vocabulary 2 | Reading 2,clear,mapped,ocr_extracted_needs_review,book_source,1497,d5801aeaa347cf692b11c560a0df79eb497c87c6fa49c37840308c6ddfb24206
b1-057,2,4,anh_tam(1)(1).zip,frame_0057.png,52–67 · ảnh 8/12; số trang cụ thể cần đối chiếu trên ảnh,Reading 2,Reading 2 | Reading Skill,clear,mapped,ocr_extracted_needs_review,book_source,1986,60ca3ae1343db0b423cfc304f4112bfe586123fa5d71e3f902deb9f5bba05d77
b1-058,2,4,anh_tam(1)(1).zip,frame_0058.png,52–67 · ảnh 9/12; số trang cụ thể cần đối chiếu trên ảnh,Reading 2,Reading 2 | Grammar 2,clear,mapped,ocr_extracted_needs_review,book_source,1969,bca887c468a1dab48d014eb266923f09ce2f2fc33318aa4121451758aae90d37
b1-059,2,4,anh_tam(1)(1).zip,frame_0059.png,52–67 · ảnh 10/12; số trang cụ thể cần đối chiếu trên ảnh,Grammar 2,Grammar 2 | Grammar Practice 2 | Speaking/Communication,clear,mapped,ocr_extracted_needs_review,book_source,2077,2ccf98f727aa93aca2353a1b5630c357f898464ee510d83d03ce33c905514495
b1-060,2,4,anh_tam(1)(1).zip,frame_0060.png,52–67 · ảnh 11/12; số trang cụ thể cần đối chiếu trên ảnh,Writing,Writing | Writing Skill | Review/Unit Check,clear,mapped,ocr_extracted_needs_review,book_source,2423,0b4f9b6aff27199ba127a397c06a87fe3a4fba487dcbffd54b851a2a4de79d70
b1-061,2,4,anh_tam(1)(1).zip,frame_0061.png,52–67 · ảnh 12/12; số trang cụ thể cần đối chiếu trên ảnh,Writing,Writing | Value | Project | Review/Unit Check,clear,mapped,ocr_extracted_needs_review,book_source,2464,11462e1f4f5f247124500deb9e5ccdd0478a0f3fd1bac175d8781f9e89909ef0
b1-062,2,5,anh_tam(1)(1).zip,frame_0062.png,68–83 · ảnh 1/12; số trang cụ thể cần đối chiếu trên ảnh,Big Question,Big Question,clear,mapped,ocr_extracted_needs_review,book_source,1917,f397ba713dc6eb4b57a94ddb5de54cd90564ea16d7c8d962deb60110748269a0
b1-063,2,5,anh_tam(1)(1).zip,frame_0063.png,68–83 · ảnh 2/12; số trang cụ thể cần đối chiếu trên ảnh,Vocabulary 1,Vocabulary 1,clear,mapped,ocr_extracted_needs_review,book_source,1800,2f2edca86c630ec57ec2926a3679010937873b54d1f8cf704c5959907e0e065e
b1-064,2,5,anh_tam(1)(1).zip,frame_0064.png,68–83 · ảnh 3/12; số trang cụ thể cần đối chiếu trên ảnh,Vocabulary 1,Vocabulary 1 | Reading 1,clear,mapped,ocr_extracted_needs_review,book_source,1907,5168dea77a7afddca316ff76dd6112bf7e046a588d31f12e29f3a64051cc9e21
b1-065,2,5,anh_tam(1)(1).zip,frame_0065.png,68–83 · ảnh 4/12; số trang cụ thể cần đối chiếu trên ảnh,Reading 1,Reading 1 | Reading Skill,clear,mapped,ocr_extracted_needs_review,book_source,2528,4f576c33ded9cdbe823c99998bcc59d5c7019071b1d13c81b8caca62d7aae844
b1-066,2,5,anh_tam(1)(1).zip,frame_0066.png,68–83 · ảnh 5/12; số trang cụ thể cần đối chiếu trên ảnh,Grammar 1,Grammar 1 | Grammar Practice 1 | Listening | Speaking/Communication,clear,mapped,ocr_extracted_needs_review,book_source,2424,cafa917197e4f393c7bdbe3625968b67d09d6ce7d89523f058209c360e686c81
b1-067,2,5,anh_tam(1)(1).zip,frame_0067.png,68–83 · ảnh 6/12; số trang cụ thể cần đối chiếu trên ảnh,Listening,Listening | Vocabulary 2,clear,mapped,ocr_extracted_needs_review,book_source,1733,6984ba219fac9be35c40367a62d2e2a1ea0b81c824cca90c54dec052c02fcc4a
b1-068,2,5,anh_tam(1)(1).zip,frame_0068.png,68–83 · ảnh 7/12; số trang cụ thể cần đối chiếu trên ảnh,Vocabulary 2,Vocabulary 2 | Reading 2,clear,mapped,ocr_extracted_needs_review,book_source,2039,e96dddaf95410041a630fd7a7c6eeb3a1c678cda3b6921ad163475701daf0e15
b1-069,2,5,anh_tam(1)(1).zip,frame_0069.png,68–83 · ảnh 8/12; số trang cụ thể cần đối chiếu trên ảnh,Reading 2,Reading 2 | Reading Skill,clear,mapped,ocr_extracted_needs_review,book_source,2483,ec16dbbf6c0d6a87903d2e3f81a78b1b4be4d8da480861bacd0df176517784aa
b1-070,2,5,anh_tam(1)(1).zip,frame_0070.png,68–83 · ảnh 9/12; số trang cụ thể cần đối chiếu trên ảnh,Reading 2,Reading 2 | Grammar 2 | Speaking/Communication,clear,mapped,ocr_extracted_needs_review,book_source,2346,d718e4f0a61030d32f915e0b0b42add480c122a40267cf748c1ac121e43f2769
b1-071,2,5,anh_tam(1)(1).zip,frame_0071.png,68–83 · ảnh 10/12; số trang cụ thể cần đối chiếu trên ảnh,Grammar 2,Grammar 2 | Grammar Practice 2 | Speaking/Communication,clear,mapped,ocr_extracted_needs_review,book_source,2180,526d72b9fb193c2ba13e72987f7c2bba8ff9192b4c54509a9f1882bf289296a9
b1-072,2,5,anh_tam(1)(1).zip,frame_0072.png,68–83 · ảnh 11/12; số trang cụ thể cần đối chiếu trên ảnh,Writing,Writing | Writing Skill | Review/Unit Check,clear,mapped,ocr_extracted_needs_review,book_source,2544,2024642f93f2baf91a4ea7f88ef4004968ae12a1c5166f077997ee56072b81b0
b1-073,2,5,anh_tam(1)(1).zip,frame_0073.png,68–83 · ảnh 12/12; số trang cụ thể cần đối chiếu trên ảnh,Writing,Writing | Value | Project | Review/Unit Check,clear,mapped,ocr_extracted_needs_review,book_source,2515,93445ea0974ab9c887af8dbac39d397a9b1422b0a746dfd41f8d118695dfbef5
b1-074,2,6,anh_tam(1)(1).zip,frame_0074.png,84–99 · ảnh 1/12; số trang cụ thể cần đối chiếu trên ảnh,Big Question,Big Question,clear,mapped,ocr_extracted_needs_review,book_source,1818,71a3d769821f93ec0a3a3dd329d8cc2c64da6c5dfac92e48d1936892e84be2c2
b1-075,2,6,anh_tam(1)(1).zip,frame_0075.png,84–99 · ảnh 2/12; số trang cụ thể cần đối chiếu trên ảnh,Vocabulary 1,Vocabulary 1,clear,mapped,ocr_extracted_needs_review,book_source,1627,6222418f5dc99865812517b5435ce2959d62fddc99de0c483ba44012e8731056
b1-076,2,6,anh_tam(1)(1).zip,frame_0076.png,84–99 · ảnh 3/12; số trang cụ thể cần đối chiếu trên ảnh,Vocabulary 1,Vocabulary 1 | Reading 1,clear,mapped,ocr_extracted_needs_review,book_source,1557,991cd479665c90c80cc8c73ae4f6d2e8bf8006963fd6221f149623a119a7f411
b1-077,2,6,anh_tam(1)(1).zip,frame_0077.png,84–99 · ảnh 4/12; số trang cụ thể cần đối chiếu trên ảnh,Reading 1,Reading 1 | Reading Skill,clear,mapped,ocr_extracted_needs_review,book_source,2509,f9656fc1e64bfe3978cd2de2323e19431be41ed5455e34fd34c2ee73077dcbb9
b1-078,2,6,anh_tam(1)(1).zip,frame_0078.png,84–99 · ảnh 5/12; số trang cụ thể cần đối chiếu trên ảnh,Grammar 1,Grammar 1 | Grammar Practice 1 | Listening | Speaking/Communication,clear,mapped,ocr_extracted_needs_review,book_source,2599,f529a770d100afc9275685551ec9402639d98c4a61453eb0e2bc32479c35ff3d
b1-079,2,6,anh_tam(1)(1).zip,frame_0079.png,84–99 · ảnh 6/12; số trang cụ thể cần đối chiếu trên ảnh,Listening,Listening | Vocabulary 2 | Speaking/Communication,clear,mapped,ocr_extracted_needs_review,book_source,1716,5a590fbbc07a65851318f44b292a2c3286dc743a3291e94d3733ff595bbac5f3
b1-080,2,6,anh_tam(1)(1).zip,frame_0080.png,84–99 · ảnh 7/12; số trang cụ thể cần đối chiếu trên ảnh,Vocabulary 2,Vocabulary 2 | Reading 2,clear,mapped,ocr_extracted_needs_review,book_source,1540,c9d8aa5e25f9565dd39a2201463e60beb3728f6416ae964badca751583b8a932
b1-081,2,6,anh_tam(1)(1).zip,frame_0081.png,84–99 · ảnh 8/12; số trang cụ thể cần đối chiếu trên ảnh,Reading 2,Reading 2 | Reading Skill,clear,mapped,ocr_extracted_needs_review,book_source,2392,ef250d10c85e6b31a536c203d6e5dd908d5b34bbe36c87456631eb8627eed7ad
b1-082,2,6,anh_tam(1)(1).zip,frame_0082.png,84–99 · ảnh 9/12; số trang cụ thể cần đối chiếu trên ảnh,Reading 2,Reading 2 | Grammar 2 | Reading Skill,clear,mapped,ocr_extracted_needs_review,book_source,2598,7943d0f8cfa5848d88bb59f9e7edce3b8a32fc14549d889099324d17a64910aa
b1-083,2,6,anh_tam(1)(1).zip,frame_0083.png,84–99 · ảnh 10/12; số trang cụ thể cần đối chiếu trên ảnh,Grammar 2,Grammar 2 | Grammar Practice 2 | Speaking/Communication,clear,mapped,ocr_extracted_needs_review,book_source,1628,3c585c3489e59bd6fc19e40c96b4b768d9e37824e2c31c262c6720f4147baf32
b1-084,2,6,anh_tam(1)(1).zip,frame_0084.png,84–99 · ảnh 11/12; số trang cụ thể cần đối chiếu trên ảnh,Writing,Writing | Writing Skill | Project | Review/Unit Check,clear,mapped,ocr_extracted_needs_review,book_source,1918,7253063d5efd20c1faf3d08d4e7a241bd6157ac82fba539043f9a9b0310db5b1
b1-085,2,6,anh_tam(1)(1).zip,frame_0085.png,84–99 · ảnh 12/12; số trang cụ thể cần đối chiếu trên ảnh,Writing,Writing | Value | Project | Review/Unit Check | Speaking/Communication | Writing Skill,clear,mapped,ocr_extracted_needs_review,book_source,2242,2754bc62bfef97995ee1b69f7a866554fdbaadb40c5cdd0c2782af2235cfa144
b1-086,2,7,anh_tam(1)(1).zip,frame_0086.png,100–115 · ảnh 1/12; số trang cụ thể cần đối chiếu trên ảnh,Big Question,Big Question,clear,mapped,ocr_extracted_needs_review,book_source,1840,51800d46635fe0d530cfe8a3818eb0cf54171e34d7bb8b914fea0d7981ec505f
b1-087,2,7,anh_tam(1)(1).zip,frame_0087.png,100–115 · ảnh 2/12; số trang cụ thể cần đối chiếu trên ảnh,Vocabulary 1,Vocabulary 1,clear,mapped,ocr_extracted_needs_review,book_source,1700,4b878ce40a3710ce772a138f4e359a87fc01e5c78542c7b0dac2815dd5eb5e4c
b1-088,2,7,anh_tam(1)(1).zip,frame_0088.png,100–115 · ảnh 3/12; số trang cụ thể cần đối chiếu trên ảnh,Vocabulary 1,Vocabulary 1 | Reading 1,clear,mapped,ocr_extracted_needs_review,book_source,1491,a24a7732287e5d2a7234e08acd2219198437ea32036f49fa0830acca1373a684
b1-089,2,7,anh_tam(1)(1).zip,frame_0089.png,100–115 · ảnh 4/12; số trang cụ thể cần đối chiếu trên ảnh,Reading 1,Reading 1 | Reading Skill,clear,mapped,ocr_extracted_needs_review,book_source,2281,dd555e84af3d19a9bde4666d52143dd6cc5ac213773763d21746fd2a05631ade
b1-090,2,7,anh_tam(1)(1).zip,frame_0090.png,100–115 · ảnh 5/12; số trang cụ thể cần đối chiếu trên ảnh,Grammar 1,Grammar 1 | Grammar Practice 1 | Listening | Speaking/Communication,clear,mapped,ocr_extracted_needs_review,book_source,2424,1f43bff388640cbac5f7d7721790fb8fe25e3370401b08146fb6ac8c7e4dcd4b
b1-091,2,7,anh_tam(1)(1).zip,frame_0091.png,100–115 · ảnh 6/12; số trang cụ thể cần đối chiếu trên ảnh,Listening,Listening | Vocabulary 2,clear,mapped,ocr_extracted_needs_review,book_source,1902,625877b1c57ce728ab8ab9772eb062335700e3fc93eb1037434a59790a44adaa
b1-092,2,7,anh_tam(1)(1).zip,frame_0092.png,100–115 · ảnh 7/12; số trang cụ thể cần đối chiếu trên ảnh,Vocabulary 2,Vocabulary 2 | Reading 2,clear,mapped,ocr_extracted_needs_review,book_source,1858,96b5df479ca748048d6b2a474e46c0d2e75dbf8f72f3b6bf03627a28e7c3057f
b1-093,2,7,anh_tam(1)(1).zip,frame_0093.png,100–115 · ảnh 8/12; số trang cụ thể cần đối chiếu trên ảnh,Reading 2,Reading 2 | Reading Skill,clear,mapped,ocr_extracted_needs_review,book_source,1761,63d1c93748d7a9f69312985d9aea8139342b58df9b5c726dd897887f3083ff72
b1-094,2,7,anh_tam(1)(1).zip,frame_0094.png,100–115 · ảnh 9/12; số trang cụ thể cần đối chiếu trên ảnh,Reading 2,Reading 2 | Grammar 2,clear,mapped,ocr_extracted_needs_review,book_source,1463,daf5f02e01e7321b07e710e81287c1c6db36f2b2e8a632b5b2651900cf7bb4a7
b1-095,2,7,anh_tam(1)(1).zip,frame_0095.png,100–115 · ảnh 10/12; số trang cụ thể cần đối chiếu trên ảnh,Grammar 2,Grammar 2 | Grammar Practice 2 | Speaking/Communication,clear,mapped,ocr_extracted_needs_review,book_source,1852,d8e912c9423cb5333b422c1f0ce72922e3649e24ab3e0551207b84ac13305e1d
b1-096,2,7,anh_tam(1)(1).zip,frame_0096.png,100–115 · ảnh 11/12; số trang cụ thể cần đối chiếu trên ảnh,Writing,Writing | Writing Skill | Review/Unit Check,clear,mapped,ocr_extracted_needs_review,book_source,2188,28e1bc0d77b6743cac8507056026afb9d814c4fed34fdf13ada775aae9e1e109
b1-097,2,7,anh_tam(1)(1).zip,frame_0097.png,100–115 · ảnh 12/12; số trang cụ thể cần đối chiếu trên ảnh,Writing,Writing | Value | Project | Review/Unit Check | Speaking/Communication,clear,mapped,ocr_extracted_needs_review,book_source,2078,6fc149bcac15d6c1cffb48dbe4ac1dc2d3ac56bc19efe9a0a2f9ad5d0cfeba5f
b1-098,2,8,anh_tam(1)(1).zip,frame_0098.png,116–131 · ảnh 13/15; số trang cụ thể cần đối chiếu trên ảnh,Khác,Khác | Speaking/Communication | Writing,clear,mapped,ocr_extracted_needs_review,book_source,1900,c0625fe0a6a4df4d893094da38889d73c4287116677cc8e41a9e6433f1a02ae2
b1-099,2,8,anh_tam(1)(1).zip,frame_0099.png,116–131 · ảnh 14/15; số trang cụ thể cần đối chiếu trên ảnh,Khác,Khác | Speaking/Communication | Writing,clear,mapped,ocr_extracted_needs_review,book_source,1751,7ff05ae892ca707dc5cbeab8fca86104188c6742c001fae1045f459ba666d229
b1-100,2,8,anh_tam(1)(1).zip,frame_0100.png,116–131 · ảnh 15/15; số trang cụ thể cần đối chiếu trên ảnh,Khác,Khác,clear,mapped,ocr_extracted_needs_review,book_source,1816,f4f1ef91bc9a06ba0f14a60b589ece7eb1469518d9bb8058987f8e1d2eaf1487
b2-002,2,,anh_tam(2)(1).zip,002.png,,Khác,Khác,needs_review,appendix_or_unassigned,needs_review,book_source,461,1944c2953bf7b2007ca0b6fbfab4b879badca736baf631c42962945e7ab23546
b2-003,2,,anh_tam(2)(1).zip,003.png,,Khác,Khác,needs_review,appendix_or_unassigned,needs_review,book_source,944,59aa0c88f204c0acbed7db7f3a3be0c92c2dbfcab60adea13f90d461454a6569
b2-004,2,,anh_tam(2)(1).zip,004.png,,Khác,Khác,needs_review,appendix_or_unassigned,needs_review,book_source,1058,70486279ec4f667010690776666c4e07f5f51bab467a9075d009e0f081c39d6d
b2-005,2,,anh_tam(2)(1).zip,005.png,,Khác,Khác,needs_review,appendix_or_unassigned,needs_review,book_source,1019,6df3e74ffc1a84f61cd1fc163c46d54bfecb33f28a04525f9da4370995551bdb
b2-006,2,,anh_tam(2)(1).zip,006.png,,Khác,Khác,needs_review,appendix_or_unassigned,needs_review,book_source,989,e93fa834862176be5b6193ca85cb58e75e0fcf13215820744ed08d4608dede73
b2-007,2,,anh_tam(2)(1).zip,007.png,,Khác,Khác,needs_review,appendix_or_unassigned,needs_review,book_source,990,dcafeedba106005138bd9fec097cc1c28f70f43704565ff39830f2df71502dc2
b2-008,2,,anh_tam(2)(1).zip,008.png,,Khác,Khác,needs_review,appendix_or_unassigned,needs_review,book_source,1013,0f21ce18eda2d7e5e40ec63dc2356d48314e0e313130e960be8c76b0c5d49d68
b2-009,2,,anh_tam(2)(1).zip,009.png,,Khác,Khác,needs_review,appendix_or_unassigned,needs_review,book_source,1225,a5353898293467335bb7832c7df9e1d0ad484cb203a42d3f84e758799809704c
b2-010,2,,anh_tam(2)(1).zip,010.png,,Khác,Khác,needs_review,appendix_or_unassigned,needs_review,book_source,962,e6940b814c8292aa6ff5083923bcdb89dc71ab4c0c4d07fdbd6c0dee71791cb9
b2-011,2,,anh_tam(2)(1).zip,011.png,,Khác,Khác,needs_review,appendix_or_unassigned,needs_review,book_source,966,d73089ec817f39c821413a0f1a208b02a95c268ad6cf46d89247eddc748ad124
b2-012,2,,anh_tam(2)(1).zip,012.png,,Khác,Khác,needs_review,appendix_or_unassigned,needs_review,book_source,1100,59dcf226b968c2fef713896263b00b930ee5ac7dd86eb6ac47ebd7ece6fdaf88
b2-013,2,,anh_tam(2)(1).zip,013.png,,Khác,Khác,needs_review,appendix_or_unassigned,needs_review,book_source,1034,02682d2d7f5a97489f02049603c943e670873404df69a98da6eae6ee88241798
b2-014,2,,anh_tam(2)(1).zip,014.png,,Khác,Khác,needs_review,appendix_or_unassigned,needs_review,book_source,998,1ba04f2f94acb25190c7c58ed0c7df65b5c6d038fc74fad527d3f4e55214fe4b
b2-015,2,,anh_tam(2)(1).zip,015.png,,Khác,Khác,needs_review,appendix_or_unassigned,needs_review,book_source,1034,1fa0d191b899da56ffed34402a80261c330d89041e2ed1e01593705f2e471d73
b2-016,2,,anh_tam(2)(1).zip,016.png,,Khác,Khác,needs_review,appendix_or_unassigned,needs_review,book_source,1005,cd8430bd6191a2c359d3d536826bc87db359304a06c4f38fe85bbfec52220202
b2-017,2,,anh_tam(2)(1).zip,017.png,,Khác,Khác,needs_review,appendix_or_unassigned,needs_review,book_source,1025,64af23580dd39d51be410e70943a286afe315e5adf6ec965275aaa320732d568
b2-018,2,8,anh_tam(2)(1).zip,018.png,116–131 · ảnh 1/15; số trang cụ thể cần đối chiếu trên ảnh,Big Question,Big Question,clear,mapped,ocr_extracted_needs_review,book_source,2248,503ec1e33fab3c0dc34d08fa12ec7ce8ed4f22885e20bb3b6b3255b699573e5b
b2-019,2,8,anh_tam(2)(1).zip,019.png,116–131 · ảnh 2/15; số trang cụ thể cần đối chiếu trên ảnh,Vocabulary 1,Vocabulary 1,clear,mapped,ocr_extracted_needs_review,book_source,1456,6045d0bff727d0066230c2598e518de42a976bd1f5b51156210c3a4e6af30d42
b2-020,2,8,anh_tam(2)(1).zip,020.png,116–131 · ảnh 3/15; số trang cụ thể cần đối chiếu trên ảnh,Vocabulary 1,Vocabulary 1 | Reading 1,clear,mapped,ocr_extracted_needs_review,book_source,1898,b15949ab97afb094a9be807e7b14c3dedb7aa13c69bf9596e19c8d728b2c2650
b2-021,2,8,anh_tam(2)(1).zip,021.png,116–131 · ảnh 4/15; số trang cụ thể cần đối chiếu trên ảnh,Reading 1,Reading 1 | Reading Skill | Vocabulary 1,clear,mapped,ocr_extracted_needs_review,book_source,2300,e5b06cc57eb9d16334f49c47871a2acc6b9b709385437df4284591b1744a6ef8
b2-022,2,8,anh_tam(2)(1).zip,022.png,116–131 · ảnh 5/15; số trang cụ thể cần đối chiếu trên ảnh,Grammar 1,Grammar 1 | Grammar Practice 1 | Listening | Speaking/Communication | Reading 1,clear,mapped,ocr_extracted_needs_review,book_source,2254,460a785eebaf0307eaf1d327d0497c08ec469c8eef1297a009cc48f2f32a1de5
b2-023,2,8,anh_tam(2)(1).zip,023.png,116–131 · ảnh 6/15; số trang cụ thể cần đối chiếu trên ảnh,Listening,Listening | Vocabulary 2,clear,mapped,ocr_extracted_needs_review,book_source,2247,726351c7767cb1877460b671eeb1aafba4f8206d8c2244b3a39069796ff3b940
b2-024,2,8,anh_tam(2)(1).zip,024.png,116–131 · ảnh 7/15; số trang cụ thể cần đối chiếu trên ảnh,Vocabulary 2,Vocabulary 2 | Reading 2,clear,mapped,ocr_extracted_needs_review,book_source,2094,8b2214139d75a5d10ac22cc1550469dbdfff1c5700714d47bdfdcf16f754d5b4
b2-025,2,8,anh_tam(2)(1).zip,025.png,116–131 · ảnh 8/15; số trang cụ thể cần đối chiếu trên ảnh,Reading 2,Reading 2 | Reading Skill | Vocabulary 2 | Listening,clear,mapped,ocr_extracted_needs_review,book_source,1536,f2c3d63393b9599c1f901efa5ad1a22045917e8723e957e0857c3cae3113a366
b2-026,2,8,anh_tam(2)(1).zip,026.png,116–131 · ảnh 9/15; số trang cụ thể cần đối chiếu trên ảnh,Reading 2,Reading 2 | Grammar 2,clear,mapped,ocr_extracted_needs_review,book_source,1480,da491d330a3c9ee894d3335a6f5de622762fd05c453043a7b500718460f7d92a
b2-027,2,8,anh_tam(2)(1).zip,027.png,116–131 · ảnh 10/15; số trang cụ thể cần đối chiếu trên ảnh,Grammar 2,Grammar 2 | Grammar Practice 2 | Speaking/Communication | Reading 2,clear,mapped,ocr_extracted_needs_review,book_source,1553,c3427e763a7aaadf1c715dcd01122431187061702f0da6d0737faf62e0b85015
b2-028,2,8,anh_tam(2)(1).zip,028.png,116–131 · ảnh 11/15; số trang cụ thể cần đối chiếu trên ảnh,Writing,Writing | Writing Skill,clear,mapped,ocr_extracted_needs_review,book_source,1921,b241f721f80ec14f39127fc833e0975dad3d5432d4dd0844f5c3b996d635eee4
b2-029,2,8,anh_tam(2)(1).zip,029.png,116–131 · ảnh 12/15; số trang cụ thể cần đối chiếu trên ảnh,Writing,Writing | Value | Project | Review/Unit Check,clear,mapped,ocr_extracted_needs_review,book_source,2410,2b9951e649421a9a30401d173e0fcf875757dc484ef5e16e0f2e1e9aa652da1b
b2-030,2,9,anh_tam(2)(1).zip,030.png,132–147 · ảnh 1/12; số trang cụ thể cần đối chiếu trên ảnh,Big Question,Big Question,clear,mapped,ocr_extracted_needs_review,book_source,2236,5f69004171bf6c387284c870881fe56f22a53a082911325c541ad3d3cb576713
b2-031,2,9,anh_tam(2)(1).zip,031.png,132–147 · ảnh 2/12; số trang cụ thể cần đối chiếu trên ảnh,Vocabulary 1,Vocabulary 1,clear,mapped,ocr_extracted_needs_review,book_source,1594,f19edff37928156456b2e16e0955559735692d77b538ab43bb53a2ac3a794e9b
b2-032,2,9,anh_tam(2)(1).zip,032.png,132–147 · ảnh 3/12; số trang cụ thể cần đối chiếu trên ảnh,Vocabulary 1,Vocabulary 1 | Reading 1,clear,mapped,ocr_extracted_needs_review,book_source,1620,748e0ac97401b2dc11b7888b91881bd0bfadf3582f30a35c639ecea7517942bc
b2-033,2,9,anh_tam(2)(1).zip,033.png,132–147 · ảnh 4/12; số trang cụ thể cần đối chiếu trên ảnh,Reading 1,Reading 1 | Reading Skill,clear,mapped,ocr_extracted_needs_review,book_source,1360,73dab86688deaf1814da6a1b0987ecc0996f248f1757efea755af7d0df3777b1
b2-034,2,9,anh_tam(2)(1).zip,034.png,132–147 · ảnh 5/12; số trang cụ thể cần đối chiếu trên ảnh,Grammar 1,Grammar 1 | Grammar Practice 1 | Listening | Speaking/Communication,clear,mapped,ocr_extracted_needs_review,book_source,1958,e1ac2c34b6235f244b6c23044b78794b8b2c5b117b88f679d3d418b62a0c5000
b2-035,2,9,anh_tam(2)(1).zip,035.png,132–147 · ảnh 6/12; số trang cụ thể cần đối chiếu trên ảnh,Listening,Listening | Vocabulary 2,clear,mapped,ocr_extracted_needs_review,book_source,2205,275f0f522d8f82c83616034ebcabf63b7eff71bc999f6dc95c27ed2615c408f9
b2-036,2,9,anh_tam(2)(1).zip,036.png,132–147 · ảnh 7/12; số trang cụ thể cần đối chiếu trên ảnh,Vocabulary 2,Vocabulary 2 | Reading 2,clear,mapped,ocr_extracted_needs_review,book_source,1884,bfbfb726feaedf5a140087629e6a0141f4a7c9ddb59fc344ca8a0c716c8a258f
b2-037,2,9,anh_tam(2)(1).zip,037.png,132–147 · ảnh 8/12; số trang cụ thể cần đối chiếu trên ảnh,Reading 2,Reading 2 | Reading Skill | Vocabulary 2,clear,mapped,ocr_extracted_needs_review,book_source,1350,987a5a2acb5dc5150221a768033faed0e5c65efbc1d35a5564f61aae85beb487
b2-038,2,9,anh_tam(2)(1).zip,038.png,132–147 · ảnh 9/12; số trang cụ thể cần đối chiếu trên ảnh,Reading 2,Reading 2 | Grammar 2,clear,mapped,ocr_extracted_needs_review,book_source,1486,0fd327fa6853ed2e794cda78478d10b6db75210e920708056816b19cd1b1c8de
b2-039,2,9,anh_tam(2)(1).zip,039.png,132–147 · ảnh 10/12; số trang cụ thể cần đối chiếu trên ảnh,Grammar 2,Grammar 2 | Grammar Practice 2 | Speaking/Communication | Reading 2,clear,mapped,ocr_extracted_needs_review,book_source,2147,a96178e65da94a7f021e78e49683c563b0a5b0a30c5c57dec4a681f86bcfe3fb
b2-040,2,9,anh_tam(2)(1).zip,040.png,132–147 · ảnh 11/12; số trang cụ thể cần đối chiếu trên ảnh,Writing,Writing | Writing Skill | Speaking/Communication,clear,mapped,ocr_extracted_needs_review,book_source,1981,742888e877da5cffd768bb6ec2c4e243d0f8236a5ebaf53cd386135d0962ce45
b2-041,2,9,anh_tam(2)(1).zip,041.png,132–147 · ảnh 12/12; số trang cụ thể cần đối chiếu trên ảnh,Writing,Writing | Value | Project | Review/Unit Check | Speaking/Communication,clear,mapped,ocr_extracted_needs_review,book_source,2687,dabee762bab1b7171f43e4d0e3e5cbcd050bc4d933a03338801d7a668a6d58e0
b2-042,2,10,anh_tam(2)(1).zip,042.png,148–163 · ảnh 1/12; số trang cụ thể cần đối chiếu trên ảnh,Big Question,Big Question,clear,mapped,ocr_extracted_needs_review,book_source,2618,5011d02fc57b786f71fe3eb41dc61bd9c819d5be190709c0120e08470d7d748e
b2-043,2,10,anh_tam(2)(1).zip,043.png,148–163 · ảnh 2/12; số trang cụ thể cần đối chiếu trên ảnh,Vocabulary 1,Vocabulary 1,clear,mapped,ocr_extracted_needs_review,book_source,1618,3a39139dda8942b614fbef538ddc5681c7316429b6117b3eb7ef495e473b7e87
b2-044,2,10,anh_tam(2)(1).zip,044.png,148–163 · ảnh 3/12; số trang cụ thể cần đối chiếu trên ảnh,Vocabulary 1,Vocabulary 1 | Reading 1,clear,mapped,ocr_extracted_needs_review,book_source,1906,f2871dc68b1a0693237dd9369d6540d140bd5b82b292b60570ff74e1e565e526
b2-045,2,10,anh_tam(2)(1).zip,045.png,148–163 · ảnh 4/12; số trang cụ thể cần đối chiếu trên ảnh,Reading 1,Reading 1 | Reading Skill | Vocabulary 1,clear,mapped,ocr_extracted_needs_review,book_source,2350,5dcc9eeda5c7d34aaed857dff1836634842ae773e4ee646634db0e6e49633eaa
b2-046,2,10,anh_tam(2)(1).zip,046.png,148–163 · ảnh 5/12; số trang cụ thể cần đối chiếu trên ảnh,Grammar 1,Grammar 1 | Grammar Practice 1 | Listening | Speaking/Communication | Reading 1,clear,mapped,ocr_extracted_needs_review,book_source,2325,e810b6c37016cb5d7a51c2c715d44310b34bd28eff48f11621249994b2f23313
b2-047,2,10,anh_tam(2)(1).zip,047.png,148–163 · ảnh 6/12; số trang cụ thể cần đối chiếu trên ảnh,Listening,Listening | Vocabulary 2,clear,mapped,ocr_extracted_needs_review,book_source,2272,91d0b49c9e4075aa355ac8940a2061dbf2915dee6f2cd02cd6563c6ddaa79cc8
b2-048,2,10,anh_tam(2)(1).zip,048.png,148–163 · ảnh 7/12; số trang cụ thể cần đối chiếu trên ảnh,Vocabulary 2,Vocabulary 2 | Reading 2,clear,mapped,ocr_extracted_needs_review,book_source,1937,c893ede3bf841f325d3dad4e3066e32f511f2e90f17f74c3b38d59c02d89f65a
b2-049,2,10,anh_tam(2)(1).zip,049.png,148–163 · ảnh 8/12; số trang cụ thể cần đối chiếu trên ảnh,Reading 2,Reading 2 | Reading Skill | Vocabulary 2 | Speaking/Communication,clear,mapped,ocr_extracted_needs_review,book_source,1490,ab16ab624a096f247813bb78672aa9f8d81124b9b3baa1d07b77142ee95bfa33
b2-050,2,10,anh_tam(2)(1).zip,050.png,148–163 · ảnh 9/12; số trang cụ thể cần đối chiếu trên ảnh,Reading 2,Reading 2 | Grammar 2 | Speaking/Communication,clear,mapped,ocr_extracted_needs_review,book_source,2219,27d8742db0f063a8230ad9d890365a1dc1d49358f020aa337fb40465a0a91aa3
b2-051,2,10,anh_tam(2)(1).zip,051.png,148–163 · ảnh 10/12; số trang cụ thể cần đối chiếu trên ảnh,Grammar 2,Grammar 2 | Grammar Practice 2 | Speaking/Communication | Reading 2,clear,mapped,ocr_extracted_needs_review,book_source,2080,ef15d3f0f3c8ac23f3487b34c9ddf591b32db0b6645f3de780256a43ea551209
b2-052,2,10,anh_tam(2)(1).zip,052.png,148–163 · ảnh 11/12; số trang cụ thể cần đối chiếu trên ảnh,Writing,Writing | Writing Skill,clear,mapped,ocr_extracted_needs_review,book_source,1762,b614f91caacb197e29e8f06de62dd45bcbe022372d96486377d2447c3f9f6bdd
b2-053,2,10,anh_tam(2)(1).zip,053.png,148–163 · ảnh 12/12; số trang cụ thể cần đối chiếu trên ảnh,Writing,Writing | Value | Project | Review/Unit Check | Speaking/Communication,clear,mapped,ocr_extracted_needs_review,book_source,2192,7d7cd6b7c623d46d0dcda09a390293d9e57e845f9c7a0d0b3b1bd4beea8e2339
b2-054,2,11,anh_tam(2)(1).zip,054.png,164–179 · ảnh 1/12; số trang cụ thể cần đối chiếu trên ảnh,Big Question,Big Question,clear,mapped,ocr_extracted_needs_review,book_source,2379,fcf4e65f0cfdf2cabcb9c0a5d485b87b006d33fb7c0267cbb5a0c93ee638f7ea
b2-055,2,11,anh_tam(2)(1).zip,055.png,164–179 · ảnh 2/12; số trang cụ thể cần đối chiếu trên ảnh,Vocabulary 1,Vocabulary 1,clear,mapped,ocr_extracted_needs_review,book_source,1789,0574b87098b41a07252afb88363f9356c60c182ca2f93125f58dd8e77c06e1b5
b2-056,2,11,anh_tam(2)(1).zip,056.png,164–179 · ảnh 3/12; số trang cụ thể cần đối chiếu trên ảnh,Vocabulary 1,Vocabulary 1 | Reading 1,clear,mapped,ocr_extracted_needs_review,book_source,1637,fbae1cff06a8db3480e9ac088df70e4d284c33d11918aff8089354bb1908b22f
b2-057,2,11,anh_tam(2)(1).zip,057.png,164–179 · ảnh 4/12; số trang cụ thể cần đối chiếu trên ảnh,Reading 1,Reading 1 | Reading Skill,clear,mapped,ocr_extracted_needs_review,book_source,1661,2def3d4b44967dcc1577203a5e985a55b928627ba1b4d983dbfc39b48e8a5052
b2-058,2,11,anh_tam(2)(1).zip,058.png,164–179 · ảnh 5/12; số trang cụ thể cần đối chiếu trên ảnh,Grammar 1,Grammar 1 | Grammar Practice 1 | Listening | Speaking/Communication | Reading 1,clear,mapped,ocr_extracted_needs_review,book_source,2084,22c634047f9137c07734424de130a916a25acd0216d8993fab2a36c3f58fa33f
b2-059,2,11,anh_tam(2)(1).zip,059.png,164–179 · ảnh 6/12; số trang cụ thể cần đối chiếu trên ảnh,Listening,Listening | Vocabulary 2,clear,mapped,ocr_extracted_needs_review,book_source,2384,a035f25959aa97ded437c0fa33859297b0b3c5a379918b6227ec2f9fc27cfb9c
b2-060,2,11,anh_tam(2)(1).zip,060.png,164–179 · ảnh 7/12; số trang cụ thể cần đối chiếu trên ảnh,Vocabulary 2,Vocabulary 2 | Reading 2,clear,mapped,ocr_extracted_needs_review,book_source,2327,277cfc3832bf1c60a14e3e39a7d1ab2d042a46afb2ccabc2bcbf43bac066f6e8
b2-061,2,11,anh_tam(2)(1).zip,061.png,164–179 · ảnh 8/12; số trang cụ thể cần đối chiếu trên ảnh,Reading 2,Reading 2 | Reading Skill | Vocabulary 2,clear,mapped,ocr_extracted_needs_review,book_source,1774,f9e193d665b0ad832fb3d9afd3ec34b5ed61135f55f335abf7a12599eddd0a80
b2-062,2,11,anh_tam(2)(1).zip,062.png,164–179 · ảnh 9/12; số trang cụ thể cần đối chiếu trên ảnh,Reading 2,Reading 2 | Grammar 2,clear,mapped,ocr_extracted_needs_review,book_source,2180,4cf4c6673e2bc3fe98de777c9eb8ce1e16d4aa4f8d9ad8ba12ca9ccfceffc063
b2-063,2,11,anh_tam(2)(1).zip,063.png,164–179 · ảnh 10/12; số trang cụ thể cần đối chiếu trên ảnh,Grammar 2,Grammar 2 | Grammar Practice 2 | Speaking/Communication | Reading 2,clear,mapped,ocr_extracted_needs_review,book_source,2294,956694752928acfc63d302e69a7e0582e730b0ae2743470754a31aee38dade12
b2-064,2,11,anh_tam(2)(1).zip,064.png,164–179 · ảnh 11/12; số trang cụ thể cần đối chiếu trên ảnh,Writing,Writing | Writing Skill,clear,mapped,ocr_extracted_needs_review,book_source,2154,369462d8b938fdc16dac999097dc442aa4657079545f4a4db551609227e5a862
b2-065,2,11,anh_tam(2)(1).zip,065.png,164–179 · ảnh 12/12; số trang cụ thể cần đối chiếu trên ảnh,Writing,Writing | Value | Project | Review/Unit Check,clear,mapped,ocr_extracted_needs_review,book_source,2911,6c6d03962e8ea766f3fdf14cb05309a830f5e2b008d0ba7eb5415b2a68ad451b
b2-066,2,12,anh_tam(2)(1).zip,066.png,180–195 · ảnh 1/13; số trang cụ thể cần đối chiếu trên ảnh,Big Question,Big Question,clear,mapped,ocr_extracted_needs_review,book_source,2731,497798575ea25f2cde613b624dd0d2e82c5ed97dae0e853181cb5389bacf9306
b2-067,2,12,anh_tam(2)(1).zip,067.png,180–195 · ảnh 2/13; số trang cụ thể cần đối chiếu trên ảnh,Vocabulary 1,Vocabulary 1,clear,mapped,ocr_extracted_needs_review,book_source,1654,390bff5368b29544c93e504a48244e81c15d3f5d18cedebf6b1cd27c3b916427
b2-068,2,12,anh_tam(2)(1).zip,068.png,180–195 · ảnh 3/13; số trang cụ thể cần đối chiếu trên ảnh,Vocabulary 1,Vocabulary 1 | Reading 1,clear,mapped,ocr_extracted_needs_review,book_source,1706,191579afad6d5735a476d2d15d3e34731968a6cfdbcddb53af13fca4e2ad0394
b2-069,2,12,anh_tam(2)(1).zip,069.png,180–195 · ảnh 4/13; số trang cụ thể cần đối chiếu trên ảnh,Reading 1,Reading 1 | Reading Skill,clear,mapped,ocr_extracted_needs_review,book_source,1876,2bd1d422afeceb09a14fa9944f8ddd6c8164601b0e782ad5cf12ccc198ce597b
b2-070,2,12,anh_tam(2)(1).zip,070.png,180–195 · ảnh 5/13; số trang cụ thể cần đối chiếu trên ảnh,Grammar 1,Grammar 1 | Grammar Practice 1 | Listening | Speaking/Communication | Reading 1,clear,mapped,ocr_extracted_needs_review,book_source,2467,b3389dacd772199470a50c15bac9eee2525824b758d89e08d7d444c0217071fb
b2-071,2,12,anh_tam(2)(1).zip,071.png,180–195 · ảnh 6/13; số trang cụ thể cần đối chiếu trên ảnh,Listening,Listening | Vocabulary 2,clear,mapped,ocr_extracted_needs_review,book_source,2486,4c1495ba3a010a3e8f3c8cc97f3ef394d6b3dee71c14efc9e6db39183a3e2b4b
b2-072,2,12,anh_tam(2)(1).zip,072.png,180–195 · ảnh 7/13; số trang cụ thể cần đối chiếu trên ảnh,Vocabulary 2,Vocabulary 2 | Reading 2 | Listening,clear,mapped,ocr_extracted_needs_review,book_source,1917,ce5e3659b2c40f3acb58f50981cb383e66165957df3a543b530468410332ce11
b2-073,2,12,anh_tam(2)(1).zip,073.png,180–195 · ảnh 8/13; số trang cụ thể cần đối chiếu trên ảnh,Reading 2,Reading 2 | Reading Skill | Vocabulary 2 | Listening,clear,mapped,ocr_extracted_needs_review,book_source,1872,8b3108309a78fc1229b75d13c7642ebec075d381632c18be47075d310063f874
b2-074,2,12,anh_tam(2)(1).zip,074.png,180–195 · ảnh 9/13; số trang cụ thể cần đối chiếu trên ảnh,Reading 2,Reading 2 | Grammar 2,clear,mapped,ocr_extracted_needs_review,book_source,2264,5600b02e8a71d9a62cad70db6dbfe4d594bac083a58688acfdf18bc76c3301bf
b2-075,2,12,anh_tam(2)(1).zip,075.png,180–195 · ảnh 10/13; số trang cụ thể cần đối chiếu trên ảnh,Grammar 2,Grammar 2 | Grammar Practice 2 | Speaking/Communication | Reading 2,clear,mapped,ocr_extracted_needs_review,book_source,2243,d4e73c0dd7464fd530c3c4f81b3057e7005c2cec52055681a262a720e6738f00
b2-076,2,12,anh_tam(2)(1).zip,076.png,180–195 · ảnh 11/13; số trang cụ thể cần đối chiếu trên ảnh,Writing,Writing | Writing Skill | Speaking/Communication,clear,mapped,ocr_extracted_needs_review,book_source,2377,4ab395625679a7bec81291c393b5d108abf2a48483998a85cd42893a023eb137
b2-077,2,12,anh_tam(2)(1).zip,077.png,180–195 · ảnh 12/13; số trang cụ thể cần đối chiếu trên ảnh,Writing,Writing | Value | Project | Review/Unit Check | Speaking/Communication,clear,mapped,ocr_extracted_needs_review,book_source,2406,3e0142576b91dd95227849560552497b754ad62d3bd40be8e459f6b52763b89a
b2-078,2,12,anh_tam(2)(1).zip,078.png,180–195 · ảnh 13/13; số trang cụ thể cần đối chiếu trên ảnh,Khác,Khác | Writing | Review/Unit Check,clear,mapped,ocr_extracted_needs_review,book_source,2272,9428a9983a72954af30706504609c1f86a840c1f7952979771921f378bd8cd34
b2-079,2,,anh_tam(2)(1).zip,079.png,,Khác,Khác,needs_review,appendix_or_unassigned,needs_review,book_source,964,d7006007a49907afca71c61ebdc7f030924b62afc7146a9d1beac2ac5b4fe33a
b2-080,2,,anh_tam(2)(1).zip,080.png,,Khác,Khác,needs_review,appendix_or_unassigned,needs_review,book_source,599,6f21538a4633a4483ee182b07dc538c62a3aefee150ee25e2bbc9cd365411a06
b2-081,2,,anh_tam(2)(1).zip,081.png,,Khác,Khác,needs_review,appendix_or_unassigned,needs_review,book_source,577,a102821b52d898f1ee92083ffae45101a62cc9241563d5989b47b58976cbb394
b2-083,2,,anh_tam(2)(1).zip,083.png,,Khác,Khác,needs_review,appendix_or_unassigned,needs_review,book_source,577,4b97f53cad6b7691e96b520a7ad5dc31f4164de1aa6e1666906f922886922cc3
g3-001,3,,anh_tam(3).zip,001.png,,Khác,Khác,needs_review,front_matter,needs_review,book_source,66,58ef597b89659c64787ef8e6f82bfbd724750cd91c672fb7c6f2e5ab818fa1fd
g3-002,3,,anh_tam(3).zip,002.png,,Khác,Khác,needs_review,front_matter,needs_review,book_source,47,96efe48a8850e6959b6414eec6091f66a8a8a0e75f3800ccf9a8b1a6c835484e
g3-003,3,,anh_tam(3).zip,003.png,,Khác,Khác,needs_review,front_matter,needs_review,book_source,150,053dea7d40f9d8104454198be320ed970c093e1319d59f3446ba57347935bd96
g3-004,3,,anh_tam(3).zip,004.png,,Khác,Khác,needs_review,front_matter,needs_review,book_source,89,0056c5bbdb4d3829b7adf630b62ef732d3cbafbd27062ba1c095bc8d05732d55
g3-005,3,,anh_tam(3).zip,005.png,,Khác,Khác,needs_review,front_matter,needs_review,book_source,172,78413bf78cec6c163c522226b0b9fffc045761177d88e8f6596c0710ca45f88d
g3-006,3,,anh_tam(3).zip,006.png,,Khác,Khác,needs_review,front_matter,needs_review,book_source,117,ffc91bc8663265578b29aaaab33d05db89bc933180fedd72885d299d8e768683
g3-007,3,,anh_tam(3).zip,007.png,,Khác,Khác,needs_review,front_matter,needs_review,book_source,1151,d2aea32f91a9ac013353cd5839573e63e744d702fe02b8069f11e3d55a5ed82e
g3-008,3,,anh_tam(3).zip,008.png,,Khác,Khác,needs_review,front_matter,needs_review,book_source,2247,8d3f40f958c41b1cb9d68a455824aebebc3cfaae791f4696a46c17051c32b5bc
g3-009,3,,anh_tam(3).zip,009.png,,Khác,Khác,needs_review,front_matter,needs_review,book_source,1691,9e776959163ef1b81df46f936fe4bb3aeba7607dad4f77d48b9de69a65afffe9
g3-010,3,,anh_tam(3).zip,010.png,,Khác,Khác,needs_review,front_matter,needs_review,book_source,966,1baaec9c0346359b7eace5682234d77e9a11f819432454d586fce7b4543faba7
g3-011,3,,anh_tam(3).zip,011.png,,Khác,Khác,needs_review,front_matter,needs_review,book_source,1308,17986162d468c1c122127ae7f57b7b9e3c2507e758294170d2d9928c70b6f5c4
g3-012,3,,anh_tam(3).zip,012.png,,Khác,Khác,needs_review,front_matter,needs_review,book_source,1051,50cc8d10f081b18d6cf014bf8a2a51c6678993cb9c25f297524f7e4ad5c2adc9
g3-013,3,,anh_tam(3).zip,013.png,,Khác,Khác,needs_review,front_matter,needs_review,book_source,828,cc24e2ca5b204c7bb432756b744dfdb760da4fe5e5eb555137a1f087f4aef275
g3-014,3,,anh_tam(3).zip,014.png,,Khác,Khác,needs_review,front_matter,needs_review,book_source,1753,5ac85a027456b0461fbf043ea10be5e443797319a0696ecab076ae330efc8f81
g3-015,3,,anh_tam(3).zip,015.png,,Khác,Khác,needs_review,front_matter,needs_review,book_source,2154,f54706b7047336556e625311493a6f28000135f43ff4b0269ceeac9a4c2d0c72
g3-016,3,,anh_tam(3).zip,016.png,,Khác,Khác,needs_review,front_matter,needs_review,book_source,985,8910de7b5cdf810ea174ce4861c276eb90659002feaa0c321bd046fd5f4a2a37
g3-017,3,,anh_tam(3).zip,017.png,,Khác,Khác,needs_review,front_matter,needs_review,book_source,918,f09f1a788ccf718efc3dbf2a2b8cde2cab17e90cf12bf7a5153e2ac5304e191e
g3-018,3,,anh_tam(3).zip,018.png,,Khác,Khác,needs_review,front_matter,needs_review,book_source,1471,72ed293fcaf08f40625fc18de506bf14ac936c57d883091d89504df63f03863b
g3-019,3,,anh_tam(3).zip,019.png,,Khác,Khác,needs_review,front_matter,needs_review,book_source,832,1f425426c9475a7872be6dd51443eb51595bbc83867f899fb1e163b93d62a32e
g3-020,3,1,anh_tam(3).zip,020.png,4–19 · ảnh 1/14; số trang cụ thể cần đối chiếu trên ảnh,Big Question,Big Question | CLIL/Content,readable,mapped,ocr_extracted_needs_review,book_source,693,79d31f9a9691edcfc10305374faff66ee5b445c04e9d0cca2a9514b3adf1d3fb
g3-021,3,1,anh_tam(3).zip,021.png,4–19 · ảnh 2/14; số trang cụ thể cần đối chiếu trên ảnh,Vocabulary 1,Vocabulary 1 | CLIL/Content,readable,mapped,ocr_extracted_needs_review,book_source,616,64104aab66c7e0697c338ae637ca3f847e53b064ca196f17b7ffef623210fb54
g3-022,3,1,anh_tam(3).zip,022.png,4–19 · ảnh 3/14; số trang cụ thể cần đối chiếu trên ảnh,Vocabulary 1,Vocabulary 1 | Reading 1 | Reading Skill | Vocabulary in Reading,clear,mapped,ocr_extracted_needs_review,book_source,1237,88ffd452a854bf3952d828d8ba15a4c532ef49aef786c13e374f9bc268e4dc4b
g3-023,3,1,anh_tam(3).zip,023.png,4–19 · ảnh 4/14; số trang cụ thể cần đối chiếu trên ảnh,Reading 1,Reading 1 | Reading Skill | Vocabulary in Reading,clear,mapped,ocr_extracted_needs_review,book_source,1561,07c1d85dd6a122f0b15882430042b91b71565d86a2ec80350619ab781b97ba8d
g3-024,3,1,anh_tam(3).zip,024.png,4–19 · ảnh 5/14; số trang cụ thể cần đối chiếu trên ảnh,Reading 1,Reading 1 | Reading Skill | Vocabulary in Reading,clear,mapped,ocr_extracted_needs_review,book_source,2158,cd2bb68e972c0732c0d0fe894e3e7149adbf01db760fdce5e5b4dace066f49a2
g3-025,3,1,anh_tam(3).zip,025.png,4–19 · ảnh 6/14; số trang cụ thể cần đối chiếu trên ảnh,Reading 1,Reading 1 | CLIL/Content | Vocabulary in Reading,readable,mapped,mapped_from_manifest,book_source,1168,ad16ba3e498f554ad0fc66e59658274c1114b8b823c37cea420f12216172b7b8
g3-026,3,1,anh_tam(3).zip,026.png,4–19 · ảnh 7/14; số trang cụ thể cần đối chiếu trên ảnh,Grammar 1,Grammar 1 | Grammar Practice 1 | Listening | Speaking/Communication,clear,mapped,ocr_extracted_needs_review,book_source,1178,6aafd657362842af4e5c07a4ab0b2acf796d1b70fdfab310a33d7c43eb11cd06
g3-027,3,1,anh_tam(3).zip,027.png,4–19 · ảnh 8/14; số trang cụ thể cần đối chiếu trên ảnh,Grammar 1,Grammar 1 | Vocabulary 2 | Reading 2 | Vocabulary in Reading,clear,mapped,ocr_extracted_needs_review,book_source,1177,40df8bf219e4482fed05c39c9f18210c8e4b2be063d95525015cc48407dc55d8
g3-028,3,1,anh_tam(3).zip,028.png,4–19 · ảnh 9/14; số trang cụ thể cần đối chiếu trên ảnh,Vocabulary 2,Vocabulary 2 | Pronunciation | Reading 2 | Vocabulary in Reading,clear,mapped,ocr_extracted_needs_review,book_source,1052,f743c48c1c2d6e7293436c4c9f3b7c59393d59113fd93306e6c163359af6e6fe
g3-029,3,1,anh_tam(3).zip,029.png,4–19 · ảnh 10/14; số trang cụ thể cần đối chiếu trên ảnh,Reading 2,Reading 2 | Vocabulary in Reading,clear,mapped,ocr_extracted_needs_review,book_source,1737,938dd03d28296ddd89c7408559a2538b2ed7c7e646ce5f0864505e9c4d5fbcd2
g3-030,3,1,anh_tam(3).zip,030.png,4–19 · ảnh 11/14; số trang cụ thể cần đối chiếu trên ảnh,Reading 2,Reading 2 | Reading Skill | Grammar 2 | Speaking/Communication | Vocabulary in Reading,clear,mapped,ocr_extracted_needs_review,book_source,1514,55e408967fd8874c661f54a740eefadf172df3cbc5a158968e918ab9fa7868e0
g3-031,3,1,anh_tam(3).zip,031.png,4–19 · ảnh 12/14; số trang cụ thể cần đối chiếu trên ảnh,Grammar 2,Grammar 2 | Grammar Practice 2 | Speaking/Communication,clear,mapped,ocr_extracted_needs_review,book_source,1518,73f0e0ce83fee2748fff56e02b486ef6387644e592462a944d8a809e73411794
g3-032,3,1,anh_tam(3).zip,032.png,4–19 · ảnh 13/14; số trang cụ thể cần đối chiếu trên ảnh,Grammar 2,Grammar 2 | Writing | Project | Review/Unit Check,clear,mapped,ocr_extracted_needs_review,book_source,1209,d39a7da5d266766ceead0079d531965dbe333da5cf25af0b223dbd792da84ac4
g3-033,3,1,anh_tam(3).zip,033.png,4–19 · ảnh 14/14; số trang cụ thể cần đối chiếu trên ảnh,Writing,Writing | Writing Skill | Project | Review/Unit Check,clear,mapped,ocr_extracted_needs_review,book_source,2050,314e307f12367c44e38e6b44609376dc7f49a1ef0afe106543710526135414f7
g3-034,3,2,anh_tam(3).zip,034.png,20–35 · ảnh 1/15; số trang cụ thể cần đối chiếu trên ảnh,Big Question,Big Question | CLIL/Content,clear,mapped,ocr_extracted_needs_review,book_source,1012,f56eeeb90b68211ebb8b64122d460654497bdfc4c73bfdf81520481ccfc8917d
g3-035,3,2,anh_tam(3).zip,035.png,20–35 · ảnh 2/15; số trang cụ thể cần đối chiếu trên ảnh,Vocabulary 1,Vocabulary 1 | CLIL/Content,clear,mapped,ocr_extracted_needs_review,book_source,776,b3ddd119cfd86d0bc083b45b92fac76a4603675e46e5ff9b67d513bace83809b
g3-036,3,2,anh_tam(3).zip,036.png,20–35 · ảnh 3/15; số trang cụ thể cần đối chiếu trên ảnh,Vocabulary 1,Vocabulary 1 | Reading 1 | Vocabulary in Reading,clear,mapped,ocr_extracted_needs_review,book_source,937,7fb1d19a05b75ff6816908c8bfa047ba5aa2d653a6e660582638f4372e6b2895
g3-037,3,2,anh_tam(3).zip,037.png,20–35 · ảnh 4/15; số trang cụ thể cần đối chiếu trên ảnh,Reading 1,Reading 1 | Vocabulary in Reading,clear,mapped,ocr_extracted_needs_review,book_source,1502,c0a45e56145eca16dded5b95f53725367cd64113b9f909367778579a641dac9a
g3-038,3,2,anh_tam(3).zip,038.png,20–35 · ảnh 5/15; số trang cụ thể cần đối chiếu trên ảnh,Reading 1,Reading 1 | Reading Skill | Vocabulary in Reading,clear,mapped,ocr_extracted_needs_review,book_source,1526,715978e24b77c5257e3f51b5a26ad44e814f16f28a4141dba723ad8b29682fa1
g3-039,3,2,anh_tam(3).zip,039.png,20–35 · ảnh 6/15; số trang cụ thể cần đối chiếu trên ảnh,Reading 1,Reading 1 | CLIL/Content | Vocabulary in Reading,readable,mapped,mapped_from_manifest,book_source,1628,8cf5c6793a211bc26cd2018095504cb00080ac7352bbb483a9179f433831da8c
g3-040,3,2,anh_tam(3).zip,040.png,20–35 · ảnh 7/15; số trang cụ thể cần đối chiếu trên ảnh,Grammar 1,Grammar 1 | Grammar Practice 1 | Listening | Speaking/Communication,clear,mapped,ocr_extracted_needs_review,book_source,1395,4849bf25ab69b9fbcb5a088998a5e3665ab6a66db7a9f52ab716e40d0cb1f2ed
g3-041,3,2,anh_tam(3).zip,041.png,20–35 · ảnh 8/15; số trang cụ thể cần đối chiếu trên ảnh,Grammar 1,Grammar 1 | Vocabulary 2 | Reading 2 | Listening | Vocabulary in Reading,clear,mapped,ocr_extracted_needs_review,book_source,1197,63ada823f9ece12cb771a91c8f695637c7bac57dbea4670bdcaec9167f24e2a9
g3-042,3,2,anh_tam(3).zip,042.png,20–35 · ảnh 9/15; số trang cụ thể cần đối chiếu trên ảnh,Vocabulary 2,Vocabulary 2 | Pronunciation | Reading 2 | Listening | Speaking/Communication | Vocabulary in Reading,clear,mapped,ocr_extracted_needs_review,book_source,1455,a64302c1bd0e8b085bba6296c2ace2350acc4b5d0019d99b53332ace4ef08ef4
g3-043,3,2,anh_tam(3).zip,043.png,20–35 · ảnh 10/15; số trang cụ thể cần đối chiếu trên ảnh,Reading 2,Reading 2 | Vocabulary in Reading,clear,mapped,ocr_extracted_needs_review,book_source,1125,3b06b19c0640808cce5bc5194e600afe2b1798ccdba963c5242f18820d3b27ff
g3-044,3,2,anh_tam(3).zip,044.png,20–35 · ảnh 11/15; số trang cụ thể cần đối chiếu trên ảnh,Reading 2,Reading 2 | Reading Skill | Grammar 2 | Vocabulary in Reading,clear,mapped,ocr_extracted_needs_review,book_source,1763,fac327001764c40a2384ceff99ba454f0f44effe0240a5388f608d431301a738
g3-045,3,2,anh_tam(3).zip,045.png,20–35 · ảnh 12/15; số trang cụ thể cần đối chiếu trên ảnh,Grammar 2,Grammar 2 | Grammar Practice 2 | Speaking/Communication,clear,mapped,ocr_extracted_needs_review,book_source,1251,3398ac67bd8a0b91c1d94fc2753be28ce5f06e0f87c276c6e161b26230ef3f81
g3-046,3,2,anh_tam(3).zip,046.png,20–35 · ảnh 13/15; số trang cụ thể cần đối chiếu trên ảnh,Grammar 2,Grammar 2 | Writing | Speaking/Communication,clear,mapped,ocr_extracted_needs_review,book_source,1495,7fdb0f3c86ca44209cff0c792d4fdd590550782093a1c5f4a7250a47ca3474d2
g3-047,3,2,anh_tam(3).zip,047.png,20–35 · ảnh 14/15; số trang cụ thể cần đối chiếu trên ảnh,Writing,Writing | Writing Skill | Project | Review/Unit Check | Speaking/Communication,clear,mapped,ocr_extracted_needs_review,book_source,1687,0777bb7959f750db6f8bb76e2fd3d45f77488bf6ed6ac1ff07e48cb4255172f2
g3-048,3,2,anh_tam(3).zip,048.png,20–35 · ảnh 15/15; số trang cụ thể cần đối chiếu trên ảnh,Khác,Khác | Writing,clear,mapped,ocr_extracted_needs_review,book_source,1207,c6c826705f86bb462fd9514ca72268c16636f44b973da6bbcaef016bbeda786a
g3-049,3,3,anh_tam(3).zip,049.png,36–51 · ảnh 1/14; số trang cụ thể cần đối chiếu trên ảnh,Big Question,Big Question | CLIL/Content,readable,mapped,ocr_extracted_needs_review,book_source,716,d74b3b27f9a793cfc0d9113a82b51427bbd5080bb5771b3ba3b3d5e7dba47d35
g3-050,3,3,anh_tam(3).zip,050.png,36–51 · ảnh 2/14; số trang cụ thể cần đối chiếu trên ảnh,Vocabulary 1,Vocabulary 1,readable,mapped,ocr_extracted_needs_review,book_source,601,9457e53e898d97f73759d9609dea85075c621daee4d6435e9013e248a1d100ba
g3-051,3,3,anh_tam(3).zip,051.png,36–51 · ảnh 3/14; số trang cụ thể cần đối chiếu trên ảnh,Vocabulary 1,Vocabulary 1 | Reading 1 | Vocabulary in Reading,clear,mapped,ocr_extracted_needs_review,book_source,1303,04ceb978781faae40e174531f056fc4138ce4edbaba6012e91e316fbfdbaf767
g3-052,3,3,anh_tam(3).zip,052.png,36–51 · ảnh 4/14; số trang cụ thể cần đối chiếu trên ảnh,Reading 1,Reading 1 | Vocabulary in Reading,clear,mapped,ocr_extracted_needs_review,book_source,1475,3b098d268416b75d0f001c0ff67c122f8200512cebf5db9ce5afda673f063b18
g3-053,3,3,anh_tam(3).zip,053.png,36–51 · ảnh 5/14; số trang cụ thể cần đối chiếu trên ảnh,Reading 1,Reading 1 | Reading Skill | Vocabulary in Reading,clear,mapped,ocr_extracted_needs_review,book_source,1507,c9ac3da9ceebec46db6c5fe09bf3ce96a96febd2a9e802f1bf3fdeffd0cb5df1
g3-054,3,3,anh_tam(3).zip,054.png,36–51 · ảnh 6/14; số trang cụ thể cần đối chiếu trên ảnh,Reading 1,Reading 1 | CLIL/Content | Listening | Vocabulary in Reading,clear,mapped,ocr_extracted_needs_review,book_source,1205,02fb43b8ddc2d1d3d43ca83e9a409cf9660c340f87ff5a94bcfca6a6c08b7807
g3-055,3,3,anh_tam(3).zip,055.png,36–51 · ảnh 7/14; số trang cụ thể cần đối chiếu trên ảnh,Grammar 1,Grammar 1 | Grammar Practice 1 | Listening | Speaking/Communication | Vocabulary 2,clear,mapped,ocr_extracted_needs_review,book_source,1214,d24452cf2d63169bd957d7f3cfe2871c84cabce443109b01365f87adb997dd9d
g3-056,3,3,anh_tam(3).zip,056.png,36–51 · ảnh 8/14; số trang cụ thể cần đối chiếu trên ảnh,Grammar 1,Grammar 1 | Vocabulary 2 | Reading 2 | Listening | Vocabulary in Reading,clear,mapped,ocr_extracted_needs_review,book_source,1357,ab3d3333be4a94ec7e409f91149669aeca792c4b86a719adef3570bab1455c54
g3-057,3,3,anh_tam(3).zip,057.png,36–51 · ảnh 9/14; số trang cụ thể cần đối chiếu trên ảnh,Vocabulary 2,Vocabulary 2 | Pronunciation | Reading 2 | Vocabulary in Reading,clear,mapped,ocr_extracted_needs_review,book_source,1041,e1b11885d9486a5c1a02efea635c1e3b11359a5df1e7a856c0513108c1509a23
g3-058,3,3,anh_tam(3).zip,058.png,36–51 · ảnh 10/14; số trang cụ thể cần đối chiếu trên ảnh,Reading 2,Reading 2 | Vocabulary in Reading,clear,mapped,ocr_extracted_needs_review,book_source,1708,cdcce9ff0d6e3b0ac9ade122d3fe5cca95141802e3ad2afeb85513916433f3f4
g3-059,3,3,anh_tam(3).zip,059.png,36–51 · ảnh 11/14; số trang cụ thể cần đối chiếu trên ảnh,Reading 2,Reading 2 | Reading Skill | Grammar 2 | Vocabulary in Reading,clear,mapped,ocr_extracted_needs_review,book_source,1351,2e5b4e7a899f6cd79d51c1e8c575edac1bde11d0617e212552c655aa616475ef
g3-060,3,3,anh_tam(3).zip,060.png,36–51 · ảnh 12/14; số trang cụ thể cần đối chiếu trên ảnh,Grammar 2,Grammar 2 | Grammar Practice 2 | Speaking/Communication,clear,mapped,ocr_extracted_needs_review,book_source,1214,e7a706f0b1491252318f87fdfac249264cfc28d683f27a90e7b0e62c775e4b14
g3-061,3,3,anh_tam(3).zip,061.png,36–51 · ảnh 13/14; số trang cụ thể cần đối chiếu trên ảnh,Grammar 2,Grammar 2 | Writing | Project,clear,mapped,ocr_extracted_needs_review,book_source,1658,fae56ee2a73f83e0e49a3b8ad2c5efaad2e7f8c8d7ddc70cd04d0f2d517cbd23
g3-062,3,3,anh_tam(3).zip,062.png,36–51 · ảnh 14/14; số trang cụ thể cần đối chiếu trên ảnh,Writing,Writing | Writing Skill | Project | Review/Unit Check | Speaking/Communication,clear,mapped,ocr_extracted_needs_review,book_source,1633,dc10eac88564eca19a5d1ee5e632dca5a5e655461258affe527e772efbbf2774
g3-063,3,4,anh_tam(3).zip,063.png,52–67 · ảnh 1/15; số trang cụ thể cần đối chiếu trên ảnh,Big Question,Big Question | CLIL/Content,clear,mapped,ocr_extracted_needs_review,book_source,802,1d3b3285a634dec39b28d41a0d5e6bb522dd4dd6cc22e3cdde4e54e95062b7e6
g3-064,3,4,anh_tam(3).zip,064.png,52–67 · ảnh 2/15; số trang cụ thể cần đối chiếu trên ảnh,Vocabulary 1,Vocabulary 1 | CLIL/Content,readable,mapped,ocr_extracted_needs_review,book_source,755,d381c6399d58fbff16c001a40fb6c49ca2620b7c1ffa296f3ee2c078448ebdb8
g3-065,3,4,anh_tam(3).zip,065.png,52–67 · ảnh 3/15; số trang cụ thể cần đối chiếu trên ảnh,Vocabulary 1,Vocabulary 1 | Reading 1 | Vocabulary in Reading,clear,mapped,ocr_extracted_needs_review,book_source,1604,9f1308fd901723c6b4fa1db547746325af47569fc2d69c802910cbaf3538cf30
g3-066,3,4,anh_tam(3).zip,066.png,52–67 · ảnh 4/15; số trang cụ thể cần đối chiếu trên ảnh,Reading 1,Reading 1 | Vocabulary in Reading,clear,mapped,ocr_extracted_needs_review,book_source,1623,3e737d9edf0f8ab4a372e81713a12d843430e4b4f9a2a9d2a081c057d8a4b7ac
g3-067,3,4,anh_tam(3).zip,067.png,52–67 · ảnh 5/15; số trang cụ thể cần đối chiếu trên ảnh,Reading 1,Reading 1 | Reading Skill | Vocabulary in Reading,clear,mapped,ocr_extracted_needs_review,book_source,1999,d46585f879f5b190e6269676b5d33a6a0fd6e4c21863371c53070ab9e3d616f0
g3-068,3,4,anh_tam(3).zip,068.png,52–67 · ảnh 6/15; số trang cụ thể cần đối chiếu trên ảnh,Reading 1,Reading 1 | CLIL/Content | Listening | Speaking/Communication | Vocabulary in Reading,clear,mapped,ocr_extracted_needs_review,book_source,1652,3be17081f673e1c89b40baa400d18010de6967c6fa5ec0c11b9a55256ef9dd00
g3-069,3,4,anh_tam(3).zip,069.png,52–67 · ảnh 7/15; số trang cụ thể cần đối chiếu trên ảnh,Grammar 1,Grammar 1 | Grammar Practice 1 | Listening | Speaking/Communication,clear,mapped,ocr_extracted_needs_review,book_source,1607,75221f59556387664127ae22e75496ddec70b528b4c00f6d05d41400d6de50d8
g3-070,3,4,anh_tam(3).zip,070.png,52–67 · ảnh 8/15; số trang cụ thể cần đối chiếu trên ảnh,Grammar 1,Grammar 1 | Vocabulary 2 | Reading 2 | Listening | Vocabulary in Reading,clear,mapped,ocr_extracted_needs_review,book_source,1227,7d9995e83a12d094a205993cb6a11d81b8a7b3a677da0141f8c403efa19ef336
g3-071,3,4,anh_tam(3).zip,071.png,52–67 · ảnh 9/15; số trang cụ thể cần đối chiếu trên ảnh,Vocabulary 2,Vocabulary 2 | Pronunciation | Reading 2 | Vocabulary in Reading,clear,mapped,ocr_extracted_needs_review,book_source,1056,67d7d624ea4d215d9658bf43a5fe0916c53a27518d27bf56f3cfbf8286fc7411
g3-072,3,4,anh_tam(3).zip,072.png,52–67 · ảnh 10/15; số trang cụ thể cần đối chiếu trên ảnh,Reading 2,Reading 2 | Vocabulary in Reading,clear,mapped,ocr_extracted_needs_review,book_source,2108,8cb7891fb60a4f52d9aea92ca85737fded0f61542e536b174fcef331e0a635b7
g3-073,3,4,anh_tam(3).zip,073.png,52–67 · ảnh 11/15; số trang cụ thể cần đối chiếu trên ảnh,Reading 2,Reading 2 | Reading Skill | Grammar 2 | Vocabulary in Reading,clear,mapped,ocr_extracted_needs_review,book_source,1731,2e6ae3fedf1f4035a8c0c804011148e0dcbc69c2a7d13d699717476e274d26a5
g3-074,3,4,anh_tam(3).zip,074.png,52–67 · ảnh 12/15; số trang cụ thể cần đối chiếu trên ảnh,Grammar 2,Grammar 2 | Grammar Practice 2 | Speaking/Communication,clear,mapped,ocr_extracted_needs_review,book_source,1838,8b3af87980d7ed742aa2bc3a0c7920c1550912f0eb0df8524bd529ae6c028e31
g3-075,3,4,anh_tam(3).zip,075.png,52–67 · ảnh 13/15; số trang cụ thể cần đối chiếu trên ảnh,Grammar 2,Grammar 2 | Writing,clear,mapped,ocr_extracted_needs_review,book_source,1279,dd5c36f4bb06f392f890f05406f1407e55226e276aad62d150e92e817667423e
g3-076,3,4,anh_tam(3).zip,076.png,52–67 · ảnh 14/15; số trang cụ thể cần đối chiếu trên ảnh,Writing,Writing | Writing Skill | Project | Review/Unit Check | CLIL/Content,clear,mapped,ocr_extracted_needs_review,book_source,2035,bfc1e4d280d004b4e12bc16bac065fddc98af0d31bfa9e897845fd92b0971e0f
g3-077,3,4,anh_tam(3).zip,077.png,52–67 · ảnh 15/15; số trang cụ thể cần đối chiếu trên ảnh,Khác,Khác | Writing | CLIL/Content,clear,mapped,ocr_extracted_needs_review,book_source,1097,1ed4b21bb3a1fad2e4aba820dc8f3ca7e9b75086dfaf8121da60e98b5a5e7d92
g3-078,3,5,anh_tam(3).zip,078.png,68–83 · ảnh 1/14; số trang cụ thể cần đối chiếu trên ảnh,Big Question,Big Question | CLIL/Content,clear,mapped,ocr_extracted_needs_review,book_source,865,f13ce3aebe39f63a699234cd2b597bf476f47d755957f76ddbb19c56aba586fd
g3-079,3,5,anh_tam(3).zip,079.png,68–83 · ảnh 2/14; số trang cụ thể cần đối chiếu trên ảnh,Vocabulary 1,Vocabulary 1,clear,mapped,ocr_extracted_needs_review,book_source,1148,79ef8ddb9cff59be55eaacbed4d1af87615fbf58671bc239b279c9b0fa93dc19
g3-080,3,5,anh_tam(3).zip,080.png,68–83 · ảnh 3/14; số trang cụ thể cần đối chiếu trên ảnh,Vocabulary 1,Vocabulary 1 | Reading 1 | Vocabulary in Reading,clear,mapped,ocr_extracted_needs_review,book_source,1544,cd771b07f33e1e02b2782557052ea8243396b9979e2045646c69be2700c89664
g3-081,3,5,anh_tam(3).zip,081.png,68–83 · ảnh 4/14; số trang cụ thể cần đối chiếu trên ảnh,Reading 1,Reading 1 | Vocabulary in Reading,clear,mapped,ocr_extracted_needs_review,book_source,2197,7886c15605f3442a2b68baba104c64f29d6939a91a0a0223a439d685cb98dd22
g3-082,3,5,anh_tam(3).zip,082.png,68–83 · ảnh 5/14; số trang cụ thể cần đối chiếu trên ảnh,Reading 1,Reading 1 | Reading Skill | Vocabulary in Reading,readable,mapped,mapped_from_manifest,book_source,1458,4c048ee53285b758b1a365251c4322fe277e5fa38ef4534e0f5a3970bf5bb28a
g3-083,3,5,anh_tam(3).zip,083.png,68–83 · ảnh 6/14; số trang cụ thể cần đối chiếu trên ảnh,Reading 1,Reading 1 | CLIL/Content | Grammar 1 | Listening | Speaking/Communication | Vocabulary in Reading,clear,mapped,ocr_extracted_needs_review,book_source,1394,fa6c4184835d5f31ad3663254dc30cde6f4eeeb5e1238b3b0cb5d4409bbbace7
g3-084,3,5,anh_tam(3).zip,084.png,68–83 · ảnh 7/14; số trang cụ thể cần đối chiếu trên ảnh,Grammar 1,Grammar 1 | Grammar Practice 1 | Listening | Speaking/Communication | Reading 2 | Vocabulary in Reading,clear,mapped,ocr_extracted_needs_review,book_source,1084,e646bae8bbb0efb915dae6f08c4a64b191cce8475b28a2c20e3416d9a4d8d903
g3-085,3,5,anh_tam(3).zip,085.png,68–83 · ảnh 8/14; số trang cụ thể cần đối chiếu trên ảnh,Grammar 1,Grammar 1 | Vocabulary 2 | Reading 2 | Listening | Vocabulary in Reading,clear,mapped,ocr_extracted_needs_review,book_source,1757,5c1873f1e2593c821e41579dde4d37d5103e698b17f101f86bdb6a945cc2b157
g3-086,3,5,anh_tam(3).zip,086.png,68–83 · ảnh 9/14; số trang cụ thể cần đối chiếu trên ảnh,Vocabulary 2,Vocabulary 2 | Pronunciation | Reading 2 | Vocabulary in Reading,clear,mapped,ocr_extracted_needs_review,book_source,1508,2bc42e373c101fa903f3c3e4a5c9253aad432d8449f7a7459de97e8d6b561a60
g3-087,3,5,anh_tam(3).zip,087.png,68–83 · ảnh 10/14; số trang cụ thể cần đối chiếu trên ảnh,Reading 2,Reading 2 | Vocabulary in Reading,readable,mapped,mapped_from_manifest,book_source,1948,65244f599589027d1c2f18e1c921ea9a01a0acea942be0dba350fdac8bc7a603
g3-088,3,5,anh_tam(3).zip,088.png,68–83 · ảnh 11/14; số trang cụ thể cần đối chiếu trên ảnh,Reading 2,Reading 2 | Reading Skill | Grammar 2 | Vocabulary in Reading,readable,mapped,mapped_from_manifest,book_source,1049,249bdeab9c18cbb470a7ba6bc59e92a524e03140c8074ec6884cb99e0bc90038
g3-089,3,5,anh_tam(3).zip,089.png,68–83 · ảnh 12/14; số trang cụ thể cần đối chiếu trên ảnh,Grammar 2,Grammar 2 | Grammar Practice 2 | Speaking/Communication,readable,mapped,mapped_from_manifest,book_source,1241,8fbb95f6c74e489e3dfd105303dbfff81dd538d868c5b79a1de01c8bfbb1a220
g3-090,3,5,anh_tam(3).zip,090.png,68–83 · ảnh 13/14; số trang cụ thể cần đối chiếu trên ảnh,Grammar 2,Grammar 2 | Writing | Project,clear,mapped,ocr_extracted_needs_review,book_source,1874,9575a5cdd01c2d4780a5d3a35fb02d7633da1c04c7f96ba0c132156364a932b0
g3-091,3,5,anh_tam(3).zip,091.png,68–83 · ảnh 14/14; số trang cụ thể cần đối chiếu trên ảnh,Writing,Writing | Writing Skill | Project | Review/Unit Check,clear,mapped,ocr_extracted_needs_review,book_source,1299,263f33d56599c25c0b5c751485a73f15ee7bbe2db41d75ea8df2d9dbe85a19e5
g3-092,3,6,anh_tam(3).zip,092.png,84–99 · ảnh 1/14; số trang cụ thể cần đối chiếu trên ảnh,Big Question,Big Question | CLIL/Content,readable,mapped,ocr_extracted_needs_review,book_source,746,63601597c6f80b68ac8b174844dc379a641cecef994f26de85887cd3daea448e
g3-093,3,6,anh_tam(3).zip,093.png,84–99 · ảnh 2/14; số trang cụ thể cần đối chiếu trên ảnh,Vocabulary 1,Vocabulary 1,clear,mapped,ocr_extracted_needs_review,book_source,980,cef1b724ecfce2c016987e7c3a8c786544f804c39af5c1248da3826e68af4371
g3-094,3,6,anh_tam(3).zip,094.png,84–99 · ảnh 3/14; số trang cụ thể cần đối chiếu trên ảnh,Vocabulary 1,Vocabulary 1 | Reading 1 | Vocabulary in Reading,clear,mapped,ocr_extracted_needs_review,book_source,1373,897fc2e7d2048f7e61988a239ece44f766292c47ca00aaf32157640fde27dacc
g3-095,3,6,anh_tam(3).zip,095.png,84–99 · ảnh 4/14; số trang cụ thể cần đối chiếu trên ảnh,Reading 1,Reading 1 | Vocabulary in Reading,clear,mapped,ocr_extracted_needs_review,book_source,1839,77fb7f841f1fa804a187e2ecf7a73fcc2a5da448e5094ef166782616f6b81f6c
g3-096,3,6,anh_tam(3).zip,096.png,84–99 · ảnh 5/14; số trang cụ thể cần đối chiếu trên ảnh,Reading 1,Reading 1 | Reading Skill | Vocabulary in Reading,readable,mapped,mapped_from_manifest,book_source,1460,3e432352f0f782eb181cd9f57abde75503911df11c18447c3f0bab7f35a1cf78
g3-097,3,6,anh_tam(3).zip,097.png,84–99 · ảnh 6/14; số trang cụ thể cần đối chiếu trên ảnh,Reading 1,Reading 1 | CLIL/Content | Listening | Vocabulary in Reading,clear,mapped,ocr_extracted_needs_review,book_source,1088,23a021763dc358d9bbb6f9381b8e2809d9d27bb0090791a675914622e91c9f84
g3-098,3,6,anh_tam(3).zip,098.png,84–99 · ảnh 7/14; số trang cụ thể cần đối chiếu trên ảnh,Grammar 1,Grammar 1 | Grammar Practice 1 | Listening | Speaking/Communication | Vocabulary 2,clear,mapped,ocr_extracted_needs_review,book_source,1141,47a436ff5cac50cfca840aee38e0069e582804e2a6e1470863d0e66b78240932
g3-099,3,6,anh_tam(3).zip,099.png,84–99 · ảnh 8/14; số trang cụ thể cần đối chiếu trên ảnh,Grammar 1,Grammar 1 | Vocabulary 2 | Reading 2 | Listening | Speaking/Communication | Vocabulary in Reading,clear,mapped,ocr_extracted_needs_review,book_source,1242,32c5f557e5c1498d2ebfc3d0fcf22247408d0cc88d5ca4db95f7c3f01e43a8fb
g3-100,3,6,anh_tam(3).zip,100.png,84–99 · ảnh 9/14; số trang cụ thể cần đối chiếu trên ảnh,Vocabulary 2,Vocabulary 2 | Pronunciation | Reading 2 | Vocabulary in Reading,clear,mapped,ocr_extracted_needs_review,book_source,1434,8259da297de1a4222203fa0808a3b6c8f7444627310d0678ea582f27a33e6d33
g3-101,3,6,anh_tam(3).zip,101.png,84–99 · ảnh 10/14; số trang cụ thể cần đối chiếu trên ảnh,Reading 2,Reading 2 | Vocabulary in Reading,clear,mapped,ocr_extracted_needs_review,book_source,2324,82461c429e2eb19f7eaab7171a0806ab61885540d3d3cf3f15b221e835c0866e
g3-102,3,6,anh_tam(3).zip,102.png,84–99 · ảnh 11/14; số trang cụ thể cần đối chiếu trên ảnh,Reading 2,Reading 2 | Reading Skill | Grammar 2 | Vocabulary in Reading,clear,mapped,ocr_extracted_needs_review,book_source,1184,b0e4e115d64d1487b1364c7abe700452506fc830a9d7d91c6099c01aad87f95a
g3-103,3,6,anh_tam(3).zip,103.png,84–99 · ảnh 12/14; số trang cụ thể cần đối chiếu trên ảnh,Grammar 2,Grammar 2 | Grammar Practice 2 | Speaking/Communication,clear,mapped,ocr_extracted_needs_review,book_source,844,9e7718077f392a8f718b21a5a5a59196dce36573b9fc2089532f7867e4374f16
g3-104,3,6,anh_tam(3).zip,104.png,84–99 · ảnh 13/14; số trang cụ thể cần đối chiếu trên ảnh,Grammar 2,Grammar 2 | Writing | Project,clear,mapped,ocr_extracted_needs_review,book_source,1587,2591a3bbef0034aded72459e7317f266434d2701ab7bcd43da1174c13fc58764
g3-105,3,6,anh_tam(3).zip,105.png,84–99 · ảnh 14/14; số trang cụ thể cần đối chiếu trên ảnh,Writing,Writing | Writing Skill | Project | Review/Unit Check,clear,mapped,ocr_extracted_needs_review,book_source,1673,5b662f05286f66b349ac7ab89986b3ae400e1f22e9efcda3a07b4ff2044bb8d5
g3-106,3,7,anh_tam(3).zip,106.png,100–115 · ảnh 1/14; số trang cụ thể cần đối chiếu trên ảnh,Big Question,Big Question | CLIL/Content,readable,mapped,ocr_extracted_needs_review,book_source,723,491942d309e02dd1c2dd6415533ebea24daf9a4c854f15b199689b55664da72f
g3-107,3,7,anh_tam(3).zip,107.png,100–115 · ảnh 2/14; số trang cụ thể cần đối chiếu trên ảnh,Vocabulary 1,Vocabulary 1 | CLIL/Content,readable,mapped,ocr_extracted_needs_review,book_source,661,8a9d5b78b48205d7455d1324dd6f18fe0fdbc6e46a6668398ef8da156f03ab23
g3-108,3,7,anh_tam(3).zip,108.png,100–115 · ảnh 3/14; số trang cụ thể cần đối chiếu trên ảnh,Vocabulary 1,Vocabulary 1 | Reading 1 | Vocabulary in Reading,clear,mapped,ocr_extracted_needs_review,book_source,1138,54a0816282d0ec8572358a9c1cb0a793170945de819aa7592ff972ae785349f7
g3-109,3,7,anh_tam(3).zip,109.png,100–115 · ảnh 4/14; số trang cụ thể cần đối chiếu trên ảnh,Reading 1,Reading 1 | Vocabulary in Reading,clear,mapped,ocr_extracted_needs_review,book_source,1296,512863f6377ad59c255a05d5fb798c2bbf26ea75408c258ca8711ebc00ad8fce
g3-110,3,7,anh_tam(3).zip,110.png,100–115 · ảnh 5/14; số trang cụ thể cần đối chiếu trên ảnh,Reading 1,Reading 1 | Reading Skill | Listening | Vocabulary in Reading,clear,mapped,ocr_extracted_needs_review,book_source,2400,3678629b2aee352a426fc05e77ab81f88c69bc734d860d0a867bcc932615d512
g3-111,3,7,anh_tam(3).zip,111.png,100–115 · ảnh 6/14; số trang cụ thể cần đối chiếu trên ảnh,Reading 1,Reading 1 | CLIL/Content | Listening | Vocabulary in Reading,clear,mapped,ocr_extracted_needs_review,book_source,1191,c41a8310d9d6dec29ef43d2e2503c3725a0165d243987b3ce6667dd16930a5f7
g3-112,3,7,anh_tam(3).zip,112.png,100–115 · ảnh 7/14; số trang cụ thể cần đối chiếu trên ảnh,Grammar 1,Grammar 1 | Grammar Practice 1 | Listening | Speaking/Communication,clear,mapped,ocr_extracted_needs_review,book_source,951,aa9f13eb8772c748c727720b4ca47e141c4d0347d07d40657a931f6c4e8f8ae9
g3-113,3,7,anh_tam(3).zip,113.png,100–115 · ảnh 8/14; số trang cụ thể cần đối chiếu trên ảnh,Grammar 1,Grammar 1 | Vocabulary 2 | Reading 2 | Listening | Vocabulary in Reading,clear,mapped,ocr_extracted_needs_review,book_source,1189,4b594bcdd626942ecb02c80139ce52e4b6a8c09ffcc5e6c0d0502c636bd9e701
g3-114,3,7,anh_tam(3).zip,114.png,100–115 · ảnh 9/14; số trang cụ thể cần đối chiếu trên ảnh,Vocabulary 2,Vocabulary 2 | Pronunciation | Reading 2 | Listening | Vocabulary in Reading,clear,mapped,ocr_extracted_needs_review,book_source,1423,74e21cd105d37e1e321ac081ba20cddf3c6edbc7c113b66462734863876cb36c
g3-115,3,7,anh_tam(3).zip,115.png,100–115 · ảnh 10/14; số trang cụ thể cần đối chiếu trên ảnh,Reading 2,Reading 2 | Vocabulary in Reading,clear,mapped,ocr_extracted_needs_review,book_source,2163,a2e1ac09bcc24c5af60824afb28523906d2684576f6e46322b14668235ae9cbd
g3-116,3,7,anh_tam(3).zip,116.png,100–115 · ảnh 11/14; số trang cụ thể cần đối chiếu trên ảnh,Reading 2,Reading 2 | Reading Skill | Grammar 2 | Speaking/Communication | Vocabulary in Reading,clear,mapped,ocr_extracted_needs_review,book_source,1932,945b5c65fcbc4e29f37129f692b2286e39faec6b09474782b50977ef5c7f72e0
g3-117,3,7,anh_tam(3).zip,117.png,100–115 · ảnh 12/14; số trang cụ thể cần đối chiếu trên ảnh,Grammar 2,Grammar 2 | Grammar Practice 2 | Speaking/Communication,clear,mapped,ocr_extracted_needs_review,book_source,1929,1cc88782cc6e6ab21efba8a83f21f47e72e05b56bc9bb2ab7e8884af75a349b6
g3-118,3,7,anh_tam(3).zip,118.png,100–115 · ảnh 13/14; số trang cụ thể cần đối chiếu trên ảnh,Grammar 2,Grammar 2 | Writing | Speaking/Communication | Project,clear,mapped,ocr_extracted_needs_review,book_source,1229,6478af251350bf37cc01ef2797875369fe11bc18691a34518879a7ed84c293c4
g3-119,3,7,anh_tam(3).zip,119.png,100–115 · ảnh 14/14; số trang cụ thể cần đối chiếu trên ảnh,Writing,Writing | Writing Skill | Project | Review/Unit Check,clear,mapped,ocr_extracted_needs_review,book_source,1900,45cf13384ad84e529c2233b3dc416225ff232441fd858a2e91415bb34391c340
g3-120,3,8,anh_tam(3).zip,120.png,116–131 · ảnh 1/15; số trang cụ thể cần đối chiếu trên ảnh,Big Question,Big Question | CLIL/Content,clear,mapped,ocr_extracted_needs_review,book_source,963,5e83e7d0ff409b52774f839e248cf56c6aba0eeb6fea945c6729143ad2f0c6d3
g3-121,3,8,anh_tam(3).zip,121.png,116–131 · ảnh 2/15; số trang cụ thể cần đối chiếu trên ảnh,Vocabulary 1,Vocabulary 1 | CLIL/Content,readable,mapped,ocr_extracted_needs_review,book_source,590,6c36e0b383416d60930f85a09b15f16b141c06103f63c0d4b0bbafe673223245
g3-122,3,8,anh_tam(3).zip,122.png,116–131 · ảnh 3/15; số trang cụ thể cần đối chiếu trên ảnh,Vocabulary 1,Vocabulary 1 | Reading 1 | Vocabulary in Reading,clear,mapped,ocr_extracted_needs_review,book_source,1183,f647d0d7eba91bab792e53aeae62616a47483edd0d5ae3da30032b40e90fdd3d
g3-123,3,8,anh_tam(3).zip,123.png,116–131 · ảnh 4/15; số trang cụ thể cần đối chiếu trên ảnh,Reading 1,Reading 1 | Vocabulary in Reading,clear,mapped,ocr_extracted_needs_review,book_source,1401,d93f85482bb1fd3fe06a87c20c118483e4c20e6bd3ff8080099940bfc40ff1b4
g3-124,3,8,anh_tam(3).zip,124.png,116–131 · ảnh 5/15; số trang cụ thể cần đối chiếu trên ảnh,Reading 1,Reading 1 | Reading Skill | Vocabulary in Reading,clear,mapped,ocr_extracted_needs_review,book_source,2277,f147f91043f49823bb8ae7406aea815b6c32aa99fc66f829eea6e3126b18f4e4
g3-125,3,8,anh_tam(3).zip,125.png,116–131 · ảnh 6/15; số trang cụ thể cần đối chiếu trên ảnh,Reading 1,Reading 1 | CLIL/Content | Vocabulary in Reading,readable,mapped,mapped_from_manifest,book_source,1121,4fb5bfe11804988ef7d1b2dd5c7ca51adf4627fba488b2a657fe6f49edd938d0
g3-126,3,8,anh_tam(3).zip,126.png,116–131 · ảnh 7/15; số trang cụ thể cần đối chiếu trên ảnh,Grammar 1,Grammar 1 | Grammar Practice 1 | Listening | Speaking/Communication,clear,mapped,ocr_extracted_needs_review,book_source,1165,d22806f7f35db6567fa563ee46714c1e5760157f17fcb12cce7be172b1fde59a
g3-127,3,8,anh_tam(3).zip,127.png,116–131 · ảnh 8/15; số trang cụ thể cần đối chiếu trên ảnh,Grammar 1,Grammar 1 | Vocabulary 2 | Reading 2 | Listening | Speaking/Communication | Vocabulary in Reading,clear,mapped,ocr_extracted_needs_review,book_source,1096,b96cef81bdcdd38e638671a5a512dab095ebb2959bc4f14f2da12f0c15689c0c
g3-128,3,8,anh_tam(3).zip,128.png,116–131 · ảnh 9/15; số trang cụ thể cần đối chiếu trên ảnh,Vocabulary 2,Vocabulary 2 | Pronunciation | Reading 2 | Vocabulary in Reading,clear,mapped,ocr_extracted_needs_review,book_source,1061,bc1b49ce2a8ef30aba3f55133a7f40b5bcc8f592ef75fa8a7308953a3aca15cb
g3-129,3,8,anh_tam(3).zip,129.png,116–131 · ảnh 10/15; số trang cụ thể cần đối chiếu trên ảnh,Reading 2,Reading 2 | Vocabulary in Reading,clear,mapped,ocr_extracted_needs_review,book_source,1393,626c205873710e8e6154470f0dee092995bf85dbfb7831ccc57ae5fc8d5e0ba1
g3-130,3,8,anh_tam(3).zip,130.png,116–131 · ảnh 11/15; số trang cụ thể cần đối chiếu trên ảnh,Reading 2,Reading 2 | Reading Skill | Grammar 2 | Speaking/Communication | Vocabulary in Reading,clear,mapped,ocr_extracted_needs_review,book_source,1387,cb495207de713f8b2fa83430ee0237cc25dc027409de25153f4c85f3253cee75
g3-131,3,8,anh_tam(3).zip,131.png,116–131 · ảnh 12/15; số trang cụ thể cần đối chiếu trên ảnh,Grammar 2,Grammar 2 | Grammar Practice 2 | Speaking/Communication,clear,mapped,ocr_extracted_needs_review,book_source,1152,0fd5b1ee2507ef1f77f4239e71cfa19905b3aed2faa3fff548f532041735e5b4
g3-132,3,8,anh_tam(3).zip,132.png,116–131 · ảnh 13/15; số trang cụ thể cần đối chiếu trên ảnh,Grammar 2,Grammar 2 | Writing | Speaking/Communication,clear,mapped,ocr_extracted_needs_review,book_source,1163,dd70631330051cf96a1d26295b51d6d0d139c118abfb522a687a6a3f2f18e0be
g3-133,3,8,anh_tam(3).zip,133.png,116–131 · ảnh 14/15; số trang cụ thể cần đối chiếu trên ảnh,Writing,Writing | Writing Skill | Project | Review/Unit Check | Speaking/Communication,clear,mapped,ocr_extracted_needs_review,book_source,2207,c8ac0a75462994a72299e5efd2a0800050589a73b5584441d08272e0a77deaff
g3-134,3,8,anh_tam(3).zip,134.png,116–131 · ảnh 15/15; số trang cụ thể cần đối chiếu trên ảnh,Khác,Khác | Writing | Writing Skill,clear,mapped,ocr_extracted_needs_review,book_source,1238,32b7c1a0b66c4f5c9dbb5f2bd7374296cb09a721949de45f1f5cbf09e3674fe6
g3-135,3,9,anh_tam(3).zip,135.png,132–147 · ảnh 1/14; số trang cụ thể cần đối chiếu trên ảnh,Big Question,Big Question | CLIL/Content,clear,mapped,ocr_extracted_needs_review,book_source,836,977ef6d0689482f782cb8623a51839ef066215cdc511c56d6d924beb7c02db2a
g3-136,3,9,anh_tam(3).zip,136.png,132–147 · ảnh 2/14; số trang cụ thể cần đối chiếu trên ảnh,Vocabulary 1,Vocabulary 1,clear,mapped,ocr_extracted_needs_review,book_source,998,cceb54f7d0ecb0bcf4923880f662b7c3799f5bca1d45b7602256fe6123681f5c
g3-137,3,9,anh_tam(3).zip,137.png,132–147 · ảnh 3/14; số trang cụ thể cần đối chiếu trên ảnh,Vocabulary 1,Vocabulary 1 | Reading 1 | Vocabulary in Reading,clear,mapped,ocr_extracted_needs_review,book_source,1622,053c606bf228a72c5784befbe5f112a0a2653126608573ff7e6d33680f81bbf3
g3-138,3,9,anh_tam(3).zip,138.png,132–147 · ảnh 4/14; số trang cụ thể cần đối chiếu trên ảnh,Reading 1,Reading 1 | Vocabulary in Reading,clear,mapped,ocr_extracted_needs_review,book_source,2053,e0e17e82c4d9b915b40b412b33e74d29d3f8bf7ffd2647afa93ed8c9e29d2d8d
g3-139,3,9,anh_tam(3).zip,139.png,132–147 · ảnh 5/14; số trang cụ thể cần đối chiếu trên ảnh,Reading 1,Reading 1 | Reading Skill | Vocabulary in Reading,readable,mapped,mapped_from_manifest,book_source,2112,6f27441286176175b8c0dc07f0e110853a7df26236ddb987fa53cee5f501ee73
g3-140,3,9,anh_tam(3).zip,140.png,132–147 · ảnh 6/14; số trang cụ thể cần đối chiếu trên ảnh,Reading 1,Reading 1 | CLIL/Content | Speaking/Communication | Vocabulary in Reading,clear,mapped,ocr_extracted_needs_review,book_source,1265,9bde7939a8355dc2b0146d438405c48ca93ac490989d20f3cd110e16e27bdf8f
g3-141,3,9,anh_tam(3).zip,141.png,132–147 · ảnh 7/14; số trang cụ thể cần đối chiếu trên ảnh,Grammar 1,Grammar 1 | Grammar Practice 1 | Listening | Speaking/Communication | Vocabulary 2 | Reading 2 | Vocabulary in Reading,clear,mapped,ocr_extracted_needs_review,book_source,1180,d64dd10f2ffc1ae491fcd01a78483fe01f4c01406e4651035e5c27deb5640faa
g3-142,3,9,anh_tam(3).zip,142.png,132–147 · ảnh 8/14; số trang cụ thể cần đối chiếu trên ảnh,Grammar 1,Grammar 1 | Vocabulary 2 | Reading 2 | Listening | Vocabulary in Reading,clear,mapped,ocr_extracted_needs_review,book_source,1137,85f162d4901ec73744cb46d138d518148dc0a1c122b47d37040972f380a62f9b
g3-143,3,9,anh_tam(3).zip,143.png,132–147 · ảnh 9/14; số trang cụ thể cần đối chiếu trên ảnh,Vocabulary 2,Vocabulary 2 | Pronunciation | Reading 2 | Vocabulary in Reading,clear,mapped,ocr_extracted_needs_review,book_source,1379,f699f1607a4f433265acaf849c64ec41c024d54d26e9f896cb57d345b35e2359
g3-144,3,9,anh_tam(3).zip,144.png,132–147 · ảnh 10/14; số trang cụ thể cần đối chiếu trên ảnh,Reading 2,Reading 2 | Vocabulary in Reading,readable,mapped,mapped_from_manifest,book_source,2327,7f3bf73e806c7f0087e94175bbe10860ae284039b7c83995d4cf2a792a0e45e1
g3-145,3,9,anh_tam(3).zip,145.png,132–147 · ảnh 11/14; số trang cụ thể cần đối chiếu trên ảnh,Reading 2,Reading 2 | Reading Skill | Grammar 2 | Vocabulary in Reading,readable,mapped,mapped_from_manifest,book_source,1577,98b565a6fb16fe19f4254e3f191a66e646a36a11080abd635c92876ff2cba463
g3-146,3,9,anh_tam(3).zip,146.png,132–147 · ảnh 12/14; số trang cụ thể cần đối chiếu trên ảnh,Grammar 2,Grammar 2 | Grammar Practice 2 | Speaking/Communication,readable,mapped,mapped_from_manifest,book_source,1378,9d6e16ed09c45bc4aaa39fbf63d03ed70829f10d7f1a337cd4d67b4e2057a479
g3-147,3,9,anh_tam(3).zip,147.png,132–147 · ảnh 13/14; số trang cụ thể cần đối chiếu trên ảnh,Grammar 2,Grammar 2 | Writing | Project | Review/Unit Check,clear,mapped,ocr_extracted_needs_review,book_source,1776,e5780b3bad53633ad6f8ccc428fc65906552c48f9726657f1ed7cf24476d79ec
g3-148,3,9,anh_tam(3).zip,148.png,132–147 · ảnh 14/14; số trang cụ thể cần đối chiếu trên ảnh,Writing,Writing | Writing Skill | Project | Review/Unit Check,clear,mapped,ocr_extracted_needs_review,book_source,1622,4630d73a97b4c32c5262fb3709f45081d5ab8c735287f6212fde5edab1a3bbef
g3-149,3,10,anh_tam(3).zip,149.png,148–163 · ảnh 1/15; số trang cụ thể cần đối chiếu trên ảnh,Big Question,Big Question | CLIL/Content,clear,mapped,ocr_extracted_needs_review,book_source,900,1e41eb9cb0c6d5650195ce0719eea7cc30cc36927c9778bd3c3f7233f9b049ce
g3-150,3,10,anh_tam(3).zip,150.png,148–163 · ảnh 2/15; số trang cụ thể cần đối chiếu trên ảnh,Vocabulary 1,Vocabulary 1,clear,mapped,ocr_extracted_needs_review,book_source,854,847554d8c773dc1c3ce8eaf251d51ed909f159e7003ebc85899e7e9fb8aad8d9
g3-151,3,10,anh_tam(3).zip,151.png,148–163 · ảnh 3/15; số trang cụ thể cần đối chiếu trên ảnh,Vocabulary 1,Vocabulary 1 | Reading 1 | Vocabulary in Reading,clear,mapped,ocr_extracted_needs_review,book_source,1566,55ff421a345300db0f18bb49b0c4dd4b928c38bb63de18865fc96c465f2364be
g3-152,3,10,anh_tam(3).zip,152.png,148–163 · ảnh 4/15; số trang cụ thể cần đối chiếu trên ảnh,Reading 1,Reading 1 | Vocabulary in Reading,clear,mapped,ocr_extracted_needs_review,book_source,1666,1b8871f7cb8358a08103c1eac0e4e83e38ddb852c1531307db58359ba958f736
g3-153,3,10,anh_tam(3).zip,153.png,148–163 · ảnh 5/15; số trang cụ thể cần đối chiếu trên ảnh,Reading 1,Reading 1 | Reading Skill | Vocabulary in Reading,readable,mapped,mapped_from_manifest,book_source,2657,82efe3ef533433118d5117c89c4ed8c155cd1f31c5d1b47ddea40950ad0e50f1
g3-154,3,10,anh_tam(3).zip,154.png,148–163 · ảnh 6/15; số trang cụ thể cần đối chiếu trên ảnh,Reading 1,Reading 1 | CLIL/Content | Listening | Vocabulary in Reading,clear,mapped,ocr_extracted_needs_review,book_source,1621,d56f65329de76a8cf8d8eff7e5bfc7cec2163c6bbaedd0cee8b7cda4516d5590
g3-155,3,10,anh_tam(3).zip,155.png,148–163 · ảnh 7/15; số trang cụ thể cần đối chiếu trên ảnh,Grammar 1,Grammar 1 | Grammar Practice 1 | Listening | Speaking/Communication | Vocabulary 2,clear,mapped,ocr_extracted_needs_review,book_source,1078,3c928620f96afec4800c1b372b272a6a51a97228e89ae62f33d44d92c404fba1
g3-156,3,10,anh_tam(3).zip,156.png,148–163 · ảnh 8/15; số trang cụ thể cần đối chiếu trên ảnh,Grammar 1,Grammar 1 | Vocabulary 2 | Reading 2 | Vocabulary in Reading,clear,mapped,ocr_extracted_needs_review,book_source,1141,df13d5638785c7ed883e66a689245bd9643ec0766aa7600d60bc9826cafc9b0d
g3-157,3,10,anh_tam(3).zip,157.png,148–163 · ảnh 9/15; số trang cụ thể cần đối chiếu trên ảnh,Vocabulary 2,Vocabulary 2 | Pronunciation | Reading 2 | Vocabulary in Reading,clear,mapped,ocr_extracted_needs_review,book_source,1364,1b4e441fe709dd8c4e0effd519d8ba8436140c80154f04a45377842f856f2527
g3-158,3,10,anh_tam(3).zip,158.png,148–163 · ảnh 10/15; số trang cụ thể cần đối chiếu trên ảnh,Reading 2,Reading 2 | Vocabulary in Reading,clear,mapped,ocr_extracted_needs_review,book_source,2286,5ab5c0331a4139d989390ad48a7eaa6a87835f53c44f53a2e14ad80c96e75870
g3-159,3,10,anh_tam(3).zip,159.png,148–163 · ảnh 11/15; số trang cụ thể cần đối chiếu trên ảnh,Reading 2,Reading 2 | Reading Skill | Grammar 2 | Vocabulary in Reading,readable,mapped,mapped_from_manifest,book_source,1901,01d3d81c82e46b8b180cdf933d5c99b094dd01f563f7df1bd6233bc446d59b29
g3-160,3,10,anh_tam(3).zip,160.png,148–163 · ảnh 12/15; số trang cụ thể cần đối chiếu trên ảnh,Grammar 2,Grammar 2 | Grammar Practice 2 | Speaking/Communication,readable,mapped,mapped_from_manifest,book_source,1726,fbea9ea3475b8f4446fefb5737642ca249576236961797c3a5d96bf51b841317
g3-161,3,10,anh_tam(3).zip,161.png,148–163 · ảnh 13/15; số trang cụ thể cần đối chiếu trên ảnh,Grammar 2,Grammar 2 | Writing | Speaking/Communication,clear,mapped,ocr_extracted_needs_review,book_source,1784,abafdc4d5160c05cba7e6df30c56671dad2673d171e2b372fed1d84bed53f752
g3-162,3,10,anh_tam(3).zip,162.png,148–163 · ảnh 14/15; số trang cụ thể cần đối chiếu trên ảnh,Writing,Writing | Writing Skill | Project | Review/Unit Check | Speaking/Communication,clear,mapped,ocr_extracted_needs_review,book_source,2143,928b3d69e8a106ee7ab63ee37f44c523783e7b5e3e237a3bf17eeb2b209c085f
g3-163,3,10,anh_tam(3).zip,163.png,148–163 · ảnh 15/15; số trang cụ thể cần đối chiếu trên ảnh,Khác,Khác | CLIL/Content,readable,mapped,ocr_extracted_needs_review,book_source,803,e484b68c948472994e03af761326edaa5bc5a84fb5dd397041307d3e2a7771d2
g3-164,3,11,anh_tam(3).zip,164.png,164–179 · ảnh 1/14; số trang cụ thể cần đối chiếu trên ảnh,Big Question,Big Question | Vocabulary 1 | CLIL/Content,readable,mapped,ocr_extracted_needs_review,book_source,722,c07d205b67f00cd52d85cb20ac7da313c65856da5d1e9360c331741c59d9b225
g3-165,3,11,anh_tam(3).zip,165.png,164–179 · ảnh 2/14; số trang cụ thể cần đối chiếu trên ảnh,Vocabulary 1,Vocabulary 1,clear,mapped,ocr_extracted_needs_review,book_source,1593,fd666c9d81141d86c697f8bf638f82b2d09f7476956a9315cce15c61627ce4e4
g3-166,3,11,anh_tam(3).zip,166.png,164–179 · ảnh 3/14; số trang cụ thể cần đối chiếu trên ảnh,Vocabulary 1,Vocabulary 1 | Reading 1 | Vocabulary in Reading,clear,mapped,ocr_extracted_needs_review,book_source,1695,aaa2b7bbafe2021fb4cd16dd51b85d4a20b759316746c878f026fab356adf192
g3-167,3,11,anh_tam(3).zip,167.png,164–179 · ảnh 4/14; số trang cụ thể cần đối chiếu trên ảnh,Reading 1,Reading 1 | Vocabulary in Reading,clear,mapped,ocr_extracted_needs_review,book_source,1873,94863b5b01063ef4a942642889568ee625623a79a05c766c924a4097d531b82a
g3-168,3,11,anh_tam(3).zip,168.png,164–179 · ảnh 5/14; số trang cụ thể cần đối chiếu trên ảnh,Reading 1,Reading 1 | Reading Skill | Vocabulary in Reading,readable,mapped,mapped_from_manifest,book_source,1046,71fabce63563d1275b4ae00b00a0ac80f213d64f828d95a1533e50be4ea6461a
g3-169,3,11,anh_tam(3).zip,169.png,164–179 · ảnh 6/14; số trang cụ thể cần đối chiếu trên ảnh,Reading 1,Reading 1 | CLIL/Content | Listening | Speaking/Communication | Vocabulary in Reading,clear,mapped,ocr_extracted_needs_review,book_source,1686,3637d12a8f4f82c2e2c8881264c5e4d4602038489b66c4785070a631f971a26b
g3-170,3,11,anh_tam(3).zip,170.png,164–179 · ảnh 7/14; số trang cụ thể cần đối chiếu trên ảnh,Grammar 1,Grammar 1 | Grammar Practice 1 | Listening | Speaking/Communication | Vocabulary 2 | Reading 2 | Vocabulary in Reading,clear,mapped,ocr_extracted_needs_review,book_source,1305,ae4e3cf8edf391f2b217fddee4300689d49637547d9936b1cda0914e94953c6e
g3-171,3,11,anh_tam(3).zip,171.png,164–179 · ảnh 8/14; số trang cụ thể cần đối chiếu trên ảnh,Grammar 1,Grammar 1 | Vocabulary 2,clear,mapped,ocr_extracted_needs_review,book_source,1463,71ba0ab8955da50c4e3184f4337487c320b1e0a13e3dc07ec964ca8d5b33b7f8
g3-172,3,11,anh_tam(3).zip,172.png,164–179 · ảnh 9/14; số trang cụ thể cần đối chiếu trên ảnh,Vocabulary 2,Vocabulary 2 | Pronunciation | Reading 2 | Vocabulary in Reading,clear,mapped,ocr_extracted_needs_review,book_source,2108,96e87417d0b0a490546e6e3ba0ccfbe92b08b94e55bdf8f841555947683c4c90
g3-173,3,11,anh_tam(3).zip,173.png,164–179 · ảnh 10/14; số trang cụ thể cần đối chiếu trên ảnh,Reading 2,Reading 2 | Vocabulary in Reading,readable,mapped,mapped_from_manifest,book_source,1747,0e9a3a7fcbe68348defd547b1859bce30f04be9b87e5a1445cd3ed2200e5d229
g3-174,3,11,anh_tam(3).zip,174.png,164–179 · ảnh 11/14; số trang cụ thể cần đối chiếu trên ảnh,Reading 2,Reading 2 | Reading Skill | Grammar 2 | Vocabulary in Reading,clear,mapped,ocr_extracted_needs_review,book_source,1145,c7adcbdcdae21ac5a59d33f77d2071316ef8e8b096cc719c2a87707307056988
g3-175,3,11,anh_tam(3).zip,175.png,164–179 · ảnh 12/14; số trang cụ thể cần đối chiếu trên ảnh,Grammar 2,Grammar 2 | Grammar Practice 2 | Speaking/Communication,clear,mapped,ocr_extracted_needs_review,book_source,877,4c4e97b1f615614916fd63e29633c4e7810c065c5ee2783a61502e233aedbcef
g3-176,3,11,anh_tam(3).zip,176.png,164–179 · ảnh 13/14; số trang cụ thể cần đối chiếu trên ảnh,Grammar 2,Grammar 2 | Writing | Project | Review/Unit Check,clear,mapped,ocr_extracted_needs_review,book_source,1502,5ca5542cd65a9d4b131adda75130c63742b0ad7aeb91619b18554488fe3b1d90
g3-177,3,11,anh_tam(3).zip,177.png,164–179 · ảnh 14/14; số trang cụ thể cần đối chiếu trên ảnh,Writing,Writing | Writing Skill | Project | Review/Unit Check,clear,mapped,ocr_extracted_needs_review,book_source,1207,7ecec79f4ec21cf1c76eb4e5a2567da541af7b30862c2941546e4ba26865a5a3
g3-178,3,12,anh_tam(3).zip,178.png,180–195 · ảnh 1/13; số trang cụ thể cần đối chiếu trên ảnh,Big Question,Big Question | CLIL/Content,clear,mapped,ocr_extracted_needs_review,book_source,874,aadfe234f9a7f61f4c13583b0d832c7ba4b0ea4c55eec36ddfce499507de3ad3
g3-179,3,12,anh_tam(3).zip,179.png,180–195 · ảnh 2/13; số trang cụ thể cần đối chiếu trên ảnh,Vocabulary 1,Vocabulary 1,clear,mapped,ocr_extracted_needs_review,book_source,859,9ae5374b3c46739f0edce97dcf2fdfa673672b313f7199d7a4e52c5c44ce19ff
g3-180,3,12,anh_tam(3).zip,180.png,180–195 · ảnh 3/13; số trang cụ thể cần đối chiếu trên ảnh,Vocabulary 1,Vocabulary 1 | Reading 1 | Vocabulary in Reading,clear,mapped,ocr_extracted_needs_review,book_source,1436,ce12950974ff36fc0ef07fc9260593c258370459aeea3bc365e8f0689ea4b976
g3-181,3,12,anh_tam(3).zip,181.png,180–195 · ảnh 4/13; số trang cụ thể cần đối chiếu trên ảnh,Reading 1,Reading 1 | Vocabulary in Reading,clear,mapped,ocr_extracted_needs_review,book_source,1813,c64a21eaa726e7aff5717319f3fd9beb0f28b7ccaf9f7f56136f6671f911ee66
g3-182,3,12,anh_tam(3).zip,182.png,180–195 · ảnh 5/13; số trang cụ thể cần đối chiếu trên ảnh,Reading 1,Reading 1 | Reading Skill | Vocabulary in Reading,clear,mapped,ocr_extracted_needs_review,book_source,1847,0df242fa98e34bb976f7380c515ef6e96786dcb0e253a00be03e4dd554c202fc
g3-183,3,12,anh_tam(3).zip,183.png,180–195 · ảnh 6/13; số trang cụ thể cần đối chiếu trên ảnh,Reading 1,Reading 1 | CLIL/Content | Vocabulary in Reading,clear,mapped,ocr_extracted_needs_review,book_source,1358,7463e557e01605fe17422962e14bea6af0e69b406c9c7b29b35fc29935d6df12
g3-184,3,12,anh_tam(3).zip,184.png,180–195 · ảnh 7/13; số trang cụ thể cần đối chiếu trên ảnh,Grammar 1,Grammar 1 | Grammar Practice 1 | Listening | Speaking/Communication | Reading 2 | Vocabulary in Reading,clear,mapped,ocr_extracted_needs_review,book_source,1286,a22c86ab119f982120a4bdbd105e08f835adc9be2fb6d0945bd00ae5aba7901b
g3-185,3,12,anh_tam(3).zip,185.png,180–195 · ảnh 8/13; số trang cụ thể cần đối chiếu trên ảnh,Grammar 1,Grammar 1 | Vocabulary 2 | Reading 2 | Listening | Vocabulary in Reading,clear,mapped,ocr_extracted_needs_review,book_source,1787,6072913aa6a82ef5d3b8f9b3c60218728b1ae3ec0f12b41ccd44fc6e58324193
g3-186,3,12,anh_tam(3).zip,186.png,180–195 · ảnh 9/13; số trang cụ thể cần đối chiếu trên ảnh,Vocabulary 2,Vocabulary 2 | Pronunciation | Reading 2 | Vocabulary in Reading,clear,mapped,ocr_extracted_needs_review,book_source,820,a6bf1a8d6ecd01f2a581145a605aee39a62d5751398971a7cd180a6472f7c6aa
g3-187,3,12,anh_tam(3).zip,187.png,180–195 · ảnh 10/13; số trang cụ thể cần đối chiếu trên ảnh,Reading 2,Reading 2 | Vocabulary in Reading,clear,mapped,ocr_extracted_needs_review,book_source,2507,b8420d2910ae9e3613e24e33d949a527aaf0e07602744bd7b7fef5c37b6d8bb3
g3-188,3,12,anh_tam(3).zip,188.png,180–195 · ảnh 11/13; số trang cụ thể cần đối chiếu trên ảnh,Reading 2,Reading 2 | Reading Skill | Grammar 2 | Vocabulary in Reading,clear,mapped,ocr_extracted_needs_review,book_source,1345,4e28eaec6845c42e582669a5699247c8f0739f4a740949caf860e3b0af67ddb7
g3-189,3,12,anh_tam(3).zip,189.png,180–195 · ảnh 12/13; số trang cụ thể cần đối chiếu trên ảnh,Grammar 2,Grammar 2 | Grammar Practice 2 | Speaking/Communication,clear,mapped,ocr_extracted_needs_review,book_source,980,567fc37d6f4179bee24301312a6ff6dedb880065792fcc172955d1ae0e3ae867
g3-190,3,12,anh_tam(3).zip,190.png,180–195 · ảnh 13/13; số trang cụ thể cần đối chiếu trên ảnh,Grammar 2,Grammar 2 | Writing | Project | Review/Unit Check,clear,mapped,ocr_extracted_needs_review,book_source,1725,f71890fdd59551d2c900f416318f17efe2e939f36bb6ae35d85584f87f4597eb
